window,model,subject,n_folds,seed,mean_accuracy,std_accuracy,mean_recall,std_recall,mean_precision,std_precision,mean_kappa,std_kappa,mean_auc,std_auc
2.5-5,eegnet,1,5,42,0.845,0.059686681931566614,0.845,0.05968668193156664,0.8563609271281905,0.05467436574367708,0.69,0.1193733638631332,0.9415000000000001,0.028095818194172603
2.5-5,eegnet,2,5,42,0.51,0.10093314619093177,0.51,0.10093314619093177,0.5836395256042921,0.18773321857453665,0.019999999999999997,0.20186629238186354,0.5195000000000001,0.142668759719849
2.5-5,eegnet,3,5,42,0.9549999999999998,0.020916500663351868,0.9549999999999998,0.020916500663351868,0.9583418031244119,0.017861857717424035,0.9099999999999999,0.04183300132670376,0.9824999999999999,0.01299038105676658
2.5-5,eegnet,4,5,42,0.8949999999999999,0.011180339887498959,0.8949999999999999,0.011180339887498935,0.9034707982076403,0.016634782237055508,0.79,0.022360679774997918,0.9595,0.02648112535373071
2.5-5,eegnet,5,5,42,0.9196153846153846,0.03253355118431925,0.9197368421052632,0.03255083388645521,0.9231803565334324,0.030140294709473287,0.8392509855453352,0.06506980676089227,0.9622368421052631,0.045910212112092084
2.5-5,eegnet,6,5,42,0.7912698412698413,0.11463515800461593,0.7781578947368422,0.12111733110804929,0.8100700334523865,0.11877331299446281,0.5666472421384393,0.24330168084187506,0.9160855263157895,0.06002741954123778
2.5-5,eegnet,7,5,42,0.575,0.07705517503711219,0.575,0.07705517503711219,0.5875716172150808,0.08979700277623678,0.14999999999999997,0.15411035007422444,0.55,0.08116341540373963
2.5-5,eegnet,8,5,42,0.5351282051282051,0.05164415428609865,0.5352631578947368,0.049664734697531354,0.5358334119777114,0.05224378600648384,0.070811538893254,0.09921376127658008,0.529921052631579,0.048354824559414346
2.5-5,eegnet,9,5,42,0.5,0.1,0.5,0.1,0.5016745828766289,0.10680081167874739,2.2204460492503132e-17,0.19999999999999998,0.515,0.0797652806677191
2.5-5,eegnet,10,5,42,0.76,0.07826237921249264,0.76,0.07826237921249263,0.7742761999242427,0.07809526704578108,0.5199999999999999,0.15652475842498528,0.861,0.08150153372789985
2.5-5,eegnet,11,5,42,0.48500000000000004,0.10093314619093176,0.48500000000000004,0.10093314619093173,0.4869345238095238,0.142389580832278,-0.030000000000000027,0.20186629238186354,0.525,0.11640446726822816
2.5-5,eegnet,12,5,42,0.7020168067226891,0.08993088700518705,0.7029411764705882,0.08902904895565152,0.7052459129278015,0.08765655532523782,0.4052468216621262,0.17861385332522653,0.7331795463283353,0.09035323968929646
2.5-5,eegnet,13,5,42,0.885,0.028504385627478476,0.885,0.02850438562747846,0.8948585029484208,0.02029187429937491,0.77,0.05700877125495691,0.96175,0.02452039967047848
2.5-5,eegnet,14,5,42,0.9799999999999999,0.02091650066335191,0.9799999999999999,0.02091650066335191,0.9813852813852814,0.019153092472405996,0.96,0.04183300132670377,0.9995,0.0011180339887499207
2.5-5,eegnet,15,5,42,0.6284750337381917,0.051731991628924355,0.6298538011695907,0.050144749608233743,0.6529002467599574,0.06644206572218127,0.25914293931550186,0.10091123462183416,0.7276731301939058,0.053590227015857805
2.5-5,eegnet,16,5,42,0.5525641025641026,0.04358738681411592,0.5526315789473684,0.043510673062595956,0.5583295846453742,0.04662438180550321,0.10525624178712223,0.08702919017113103,0.5302631578947368,0.07440454992714822
2.5-5,eegnet,17,5,42,0.485,0.07826237921249261,0.48500000000000004,0.07826237921249267,0.48402341832648743,0.08010057865968974,-0.02999999999999998,0.15652475842498523,0.492,0.09855835834671758
2.5-5,eegnet,18,5,42,0.655,0.06708203932499365,0.655,0.06708203932499365,0.6595509165458014,0.06486165433025874,0.30999999999999994,0.1341640786499874,0.7255,0.0764934637730571
2.5-5,eegnet,19,5,42,0.5731527093596058,0.03276417597993954,0.5351904223227752,0.037306632010459376,0.5042232043318999,0.12769991460232377,0.07325237889961533,0.07720509324585596,0.5947445324283559,0.061512023898526426
2.5-5,eegnet,20,5,42,0.674264705882353,0.036543451881732886,0.5718181818181818,0.053970028753680455,0.6218487394957982,0.19084142771723972,0.16478632478632477,0.12222281991366621,0.7175757575757575,0.16605466147289535
2.5-5,eegnet,21,5,42,0.7478205128205128,0.1251590047214078,0.7492105263157894,0.12262141362882918,0.7640191387559809,0.10982467181153978,0.4980155642023346,0.24597981878628267,0.8364736842105265,0.14101897796684817
2.5-5,eegnet,22,5,42,0.725,0.08291561975888499,0.725,0.08291561975888499,0.7415828031617505,0.08194331732068733,0.45,0.16583123951776998,0.8130000000000001,0.0863025202413
2.5-5,eegnet,23,5,42,0.9289743589743591,0.01107880741332348,0.9289473684210527,0.010318675750893524,0.9308088402825245,0.013322466973821737,0.857921496156633,0.02198003035470341,0.9782894736842106,0.007045312384330285
2.5-5,eegnet,24,5,42,0.6285897435897436,0.12544922565834132,0.6284210526315789,0.12529950268840342,0.6340858186286575,0.13278577068462846,0.2569565217391304,0.2507003422927637,0.6847368421052632,0.1181519603479859
2.5-5,eegnet,25,5,42,0.5405128205128206,0.0439053431651364,0.5407894736842105,0.04288948950791215,0.5628966684801598,0.06085250981618428,0.08159958654184389,0.0859733460256739,0.5341842105263158,0.10583235907389955
2.5-5,eegnet,26,5,42,0.8150000000000001,0.0651920240520265,0.8150000000000001,0.06519202405202647,0.8197339940760994,0.06604818582783319,0.63,0.130384048104053,0.8699999999999999,0.04946589734352347
2.5-5,eegnet,27,5,42,0.4756756756756757,0.04098851591379217,0.47394048847609216,0.03447009722229278,0.5191204914460064,0.13766286402765338,-0.05151151977016868,0.06925497199756189,0.47780185758513927,0.055908461093251344
2.5-5,eegnet,28,5,42,0.7344871794871795,0.06768271590940415,0.7323684210526314,0.0713844590735961,0.7621510164597117,0.041585859111370846,0.46575757805611984,0.14022857278822998,0.8612894736842105,0.02332260503925697
2.5-5,eegnet,30,5,42,0.5083333333333334,0.07496295381349674,0.5044871794871794,0.07477640349331555,0.5186064425770308,0.09167731736726834,0.009066070541480387,0.15029877889070645,0.4668803418803419,0.10204040197588742
2.5-5,eegnet,31,5,42,0.7085897435897436,0.07172558469840964,0.708421052631579,0.07169905750876665,0.7311202131202131,0.0838878834770944,0.41695652173913034,0.1434156648698346,0.7930263157894737,0.08537785698062395
2.5-5,eegnet,32,5,42,0.5549999999999999,0.06471089552772392,0.5549999999999999,0.06471089552772391,0.573040232175738,0.0810309194878767,0.10999999999999999,0.12942179105544788,0.6005,0.0495100999797011
2.5-5,eegnet,33,5,42,0.5226923076923077,0.07421183497060385,0.523421052631579,0.07442298813830914,0.5265500771158667,0.07743046810652367,0.046710182767624044,0.14880486327087963,0.5144736842105263,0.09037606104479384
2.5-5,eegnet,35,5,42,0.875,0.05303300858899107,0.875,0.05303300858899107,0.8783854136620324,0.05122082581494848,0.75,0.10606601717798213,0.9620000000000001,0.02797320146139873
2.5-5,eegnet,36,5,42,0.7692307692307692,0.040542021284209966,0.7684210526315789,0.041888835209820015,0.7797475660024455,0.03692803610264518,0.5373752780987922,0.08250184677747166,0.8,0.08290517895801768
2.5-5,eegnet,37,5,42,0.765,0.04541475531146238,0.7649999999999999,0.045414755311462364,0.7788853527681094,0.04342475932521237,0.53,0.09082951062292476,0.892,0.03309078421554859
2.5-5,eegnet,38,5,42,0.5186234817813765,0.059766328021325546,0.5181578947368422,0.06032862451844966,0.5217373387482083,0.06745621983310139,0.03625112980602101,0.12073628384116389,0.5580886426592798,0.09638852349754119
2.5-5,eegnet,39,5,42,0.7534615384615384,0.04371353086934401,0.7539473684210527,0.04286930146748663,0.7606637688152025,0.04349340156824788,0.5074869109947644,0.08644465025772832,0.8409736842105262,0.03801796029127736
2.5-5,eegnet,40,5,42,0.585,0.02850438562747844,0.585,0.02850438562747844,0.5923574937867133,0.04069935982069282,0.16999999999999998,0.057008771254956896,0.6065,0.03338225576560097
2.5-5,eegnet,41,5,42,0.8788461538461538,0.09251778974942246,0.8786842105263158,0.09275802524060868,0.8954415954415953,0.08596798596385653,0.7575098814229249,0.18530600558428723,0.9609473684210526,0.04059646611395907
2.5-5,eegnet,42,5,42,0.5800000000000001,0.05700877125495691,0.5800000000000001,0.05700877125495691,0.5970384358771456,0.0623400582708321,0.16,0.11401754250991379,0.635,0.06257495505391915
2.5-5,eegnet,43,5,42,0.99,0.013693063937629165,0.99,0.013693063937629165,0.9904761904761905,0.01304101327393254,0.9800000000000001,0.02738612787525833,0.999,0.0022360679774997916
2.5-5,eegnet,44,5,42,0.885,0.028504385627478476,0.885,0.02850438562747846,0.8863970532391585,0.029275836672614398,0.77,0.05700877125495691,0.9605,0.022178255116216874
2.5-5,eegnet,45,5,42,0.62,0.06471089552772391,0.62,0.0647108955277239,0.6326164697875225,0.06380226899485053,0.23999999999999994,0.12942179105544785,0.6755000000000001,0.05693746569702591
2.5-5,eegnet,46,5,42,0.6985897435897435,0.08431668334364392,0.6981578947368422,0.08419818988586034,0.7058971009098884,0.08515181835464984,0.3966578599735799,0.1684876315830883,0.782,0.08906458330896744
2.5-5,eegnet,47,5,42,0.7968960863697705,0.04686573644854345,0.79546783625731,0.04741487506268559,0.8147275798191129,0.05227093895597806,0.5923763308981674,0.09383112703119456,0.8922976300400123,0.0237756862548416
2.5-5,eegnet,48,5,42,0.7635897435897435,0.1076497550240547,0.7644736842105262,0.10719849168947583,0.7811345943059498,0.10699514965331676,0.5281355932203391,0.21480284313558898,0.8573157894736841,0.0870590690835555
2.5-5,eegnet,49,5,42,0.8484480431848853,0.05171878806783383,0.8476023391812865,0.05118280948721499,0.8532872061868225,0.05707623688611044,0.6960467753283577,0.10368319743320538,0.9062573099415203,0.04355932754974872
2.5-5,eegnet,50,5,42,0.9099999999999999,0.03354101966249685,0.9099999999999999,0.03354101966249685,0.918266615154487,0.03072040806503757,0.82,0.0670820393249937,0.9770000000000001,0.014512925273700001
2.5-5,eegnet,51,5,42,0.4800269905533063,0.11945759412927286,0.4794736842105262,0.12039869133568795,0.4729076479076479,0.1274703850611324,-0.04140157272344862,0.24109620948089747,0.45797783933518,0.16775219369618588
2.5-5,eegnet,52,5,42,0.625,0.06373774391990979,0.625,0.06373774391990981,0.6484294068504595,0.04377867370844557,0.25,0.1274754878398196,0.709,0.06587393262892388
2.5-5,shallowconvnet,1,5,42,0.8400000000000001,0.0518411033833193,0.8400000000000001,0.0518411033833193,0.8517263427109976,0.054438125617731925,0.6799999999999999,0.1036822067666386,0.9109999999999999,0.06181120448591828
2.5-5,shallowconvnet,2,5,42,0.5399999999999999,0.08767838958375089,0.5399999999999999,0.08767838958375089,0.5384472544251787,0.09716673502504508,0.08,0.1753567791675018,0.5145000000000001,0.12992064885921714
2.5-5,shallowconvnet,3,5,42,0.975,0.017677669529663705,0.975,0.017677669529663705,0.9766233766233767,0.01608153733420493,0.95,0.03535533905932737,0.9995,0.0011180339887499207
2.5-5,shallowconvnet,4,5,42,0.8800000000000001,0.03259601202601327,0.8800000000000001,0.032596012026013255,0.889158881082424,0.0357839413758208,0.76,0.0651920240520265,0.9719999999999999,0.022597013076953307
2.5-5,shallowconvnet,5,5,42,0.9346153846153846,0.04195658505629119,0.9342105263157896,0.04210526315789472,0.9393720875077719,0.0387824520139845,0.8690885072655219,0.08396266272426656,0.975921052631579,0.028370752272146985
2.5-5,shallowconvnet,6,5,42,0.8198412698412699,0.0628213582602757,0.8111842105263157,0.07384263983000411,0.8541890674398415,0.04112433627784952,0.6286857327102241,0.13598635220010513,0.9299671052631577,0.03687667257580536
2.5-5,shallowconvnet,7,5,42,0.54,0.1126388032606881,0.54,0.11263880326068808,0.5398145134206516,0.11428100862469164,0.07999999999999999,0.22527760652137618,0.598,0.1555474204221979
2.5-5,shallowconvnet,8,5,42,0.5556410256410256,0.11066690875903276,0.555,0.11061008730103408,0.5552376652415353,0.11137682197020732,0.11013131719237053,0.2212309257174723,0.5687105263157896,0.14183827257784493
2.5-5,shallowconvnet,9,5,42,0.695,0.059686681931566614,0.695,0.059686681931566635,0.6960203539150907,0.059657672325498526,0.39,0.11937336386313323,0.774,0.04888123361782114
2.5-5,shallowconvnet,10,5,42,0.8800000000000001,0.06937218462755801,0.8800000000000001,0.06937218462755801,0.8831992851228279,0.06819959559659709,0.76,0.1387443692551161,0.9355,0.04036551746230935
2.5-5,shallowconvnet,11,5,42,0.5450000000000002,0.08177713616898065,0.5450000000000002,0.08177713616898065,0.5434244059562395,0.08444901790964826,0.08999999999999997,0.16355427233796127,0.591,0.09916211474146767
2.5-5,shallowconvnet,12,5,42,0.7189915966386554,0.06305769470957537,0.7218954248366012,0.06113164172275198,0.7335154061624649,0.05264130946882761,0.4414519144328929,0.12363469569451126,0.7506728181468667,0.08952119840202745
2.5-5,shallowconvnet,13,5,42,0.925,0.04999999999999999,0.925,0.05,0.9308677568524116,0.04554649102355601,0.85,0.09999999999999999,0.9685,0.03039325583085827
2.5-5,shallowconvnet,14,5,42,0.975,0.025000000000000022,0.975,0.025000000000000022,0.9770562770562771,0.02273242571968158,0.95,0.04999999999999999,0.9994999999999999,0.0011180339887499207
2.5-5,shallowconvnet,15,5,42,0.7013495276653171,0.1674574333464117,0.6996491228070175,0.1666177213449224,0.6813305322128851,0.2604321057312205,0.40096994575575434,0.3341099432294993,0.7497583871960602,0.16711797779114732
2.5-5,shallowconvnet,16,5,42,0.562948717948718,0.05616094382025983,0.5631578947368421,0.05628749904265116,0.5633805544064328,0.057791471018093885,0.1262204724409449,0.11251669573895977,0.578236842105263,0.08176658175542596
2.5-5,shallowconvnet,17,5,42,0.46499999999999997,0.10093314619093173,0.46499999999999997,0.10093314619093173,0.4651969429038395,0.10946084371647555,-0.06999999999999999,0.20186629238186354,0.501,0.11661367844296827
2.5-5,shallowconvnet,18,5,42,0.5850000000000001,0.10093314619093174,0.5850000000000001,0.10093314619093173,0.5845805632157719,0.10284834240893641,0.16999999999999998,0.2018662923818635,0.5995,0.09639437224236691
2.5-5,shallowconvnet,19,5,42,0.5448275862068965,0.04967193203754461,0.5176753393665158,0.058970988433426776,0.4815490318934592,0.12211349082170796,0.033987557180228986,0.1207556916981812,0.5195795625942685,0.04250882950212973
2.5-5,shallowconvnet,20,5,42,0.6389705882352941,0.06909417624019712,0.5587878787878788,0.09880716487703538,0.53857035121741,0.15814654463952316,0.12019805632346015,0.1988281341612402,0.6757575757575756,0.1304922868011767
2.5-5,shallowconvnet,21,5,42,0.5980769230769231,0.028910185343024808,0.598421052631579,0.029176722972858053,0.6142729819200408,0.02755878123198606,0.19665792922673656,0.058207287676111316,0.5906052631578947,0.10202726096788746
2.5-5,shallowconvnet,22,5,42,0.71,0.11805718953117594,0.71,0.11805718953117594,0.713099166411326,0.11563337644069634,0.42000000000000004,0.2361143790623519,0.7435,0.14147217040817603
2.5-5,shallowconvnet,23,5,42,0.9134615384615385,0.07387942181544435,0.9147368421052631,0.07198102050554289,0.9253453077137287,0.052671746565318076,0.8277513140604468,0.14616339730548042,0.9892894736842106,0.008187340745104854
2.5-5,shallowconvnet,24,5,42,0.7089743589743589,0.08817307109768924,0.7086842105263158,0.08782143176990648,0.7133504159239452,0.08822663134539543,0.4176781002638522,0.17601733213140439,0.8131315789473683,0.048778039027955446
2.5-5,shallowconvnet,25,5,42,0.6278205128205128,0.06449176718146304,0.6271052631578947,0.06310716164125518,0.6386520899951027,0.07278876566462389,0.25475095665659947,0.12703625389543127,0.6957368421052632,0.148295299469927
2.5-5,shallowconvnet,26,5,42,0.825,0.043301270189221926,0.825,0.043301270189221926,0.8370310391363024,0.03731808514116683,0.65,0.08660254037844389,0.8925000000000001,0.037038830975072635
2.5-5,shallowconvnet,27,5,42,0.5513513513513514,0.08673949478854709,0.5490264877880977,0.09087970661597791,0.5514979236449824,0.09558756409744293,0.09738076271449214,0.1833421245578949,0.549126246990024,0.12999874833771788
2.5-5,shallowconvnet,28,5,42,0.8775641025641026,0.061166745938283355,0.8781578947368421,0.05920029151309526,0.8857161084529505,0.05350680770184732,0.7557100217134587,0.12110678517896045,0.9504473684210527,0.04399497106743425
2.5-5,shallowconvnet,30,5,42,0.5403333333333333,0.05946988033169957,0.5391025641025642,0.06027856930252878,0.5477777777777778,0.06727765448653716,0.07811094971294183,0.11990960694452081,0.5306623931623932,0.15429649410230897
2.5-5,shallowconvnet,31,5,42,0.6289743589743589,0.12250249900173445,0.6278947368421053,0.12068522619904509,0.6514528746107693,0.1473251101239201,0.25702127659574464,0.24343879943833577,0.7168421052631578,0.11990275520758974
2.5-5,shallowconvnet,32,5,42,0.5900000000000001,0.04541475531146237,0.59,0.04541475531146235,0.5935444366047082,0.04241364416266821,0.18,0.09082951062292474,0.6219999999999999,0.04573702001661236
2.5-5,shallowconvnet,33,5,42,0.642948717948718,0.06424023677601749,0.6436842105263157,0.06349553390187979,0.6511190476190476,0.06511969236644342,0.2870757180156658,0.1272820512566273,0.6831842105263157,0.08178742461702027
2.5-5,shallowconvnet,35,5,42,0.8300000000000001,0.05700877125495691,0.8300000000000001,0.05700877125495691,0.8426194290073008,0.0550661771666122,0.6599999999999999,0.11401754250991378,0.9475,0.030822070014844938
2.5-5,shallowconvnet,36,5,42,0.7333333333333334,0.07606357422662217,0.7347368421052632,0.07427861751130388,0.7396256220559625,0.0694278897571397,0.4684331949136438,0.14947447277058643,0.7994736842105263,0.07926252882954399
2.5-5,shallowconvnet,37,5,42,0.825,0.06373774391990981,0.825,0.06373774391990981,0.8363457877430148,0.05199390758124685,0.65,0.12747548783981963,0.916,0.03184925430838217
2.5-5,shallowconvnet,38,5,42,0.5492577597840755,0.07110198818103357,0.5486842105263158,0.07018229133207676,0.5570061648877438,0.07513690108940983,0.09766081871345027,0.14083129278779702,0.5677839335180056,0.08328947109308762
2.5-5,shallowconvnet,39,5,42,0.7385897435897435,0.06567213055092669,0.7389473684210526,0.06553635518104065,0.7414971105979317,0.06591513329043192,0.47754914809960686,0.1312015520781587,0.7971315789473684,0.042639334902017725
2.5-5,shallowconvnet,40,5,42,0.535,0.04541475531146238,0.535,0.045414755311462426,0.5405990986822863,0.052544701432381546,0.06999999999999999,0.09082951062292473,0.549,0.035689634349485876
2.5-5,shallowconvnet,41,5,42,0.9343589743589742,0.0429907945439033,0.9344736842105263,0.04278238434183277,0.9353759398496241,0.043228987129388795,0.8687516425755586,0.08592030731223116,0.9917894736842106,0.008568103414518472
2.5-5,shallowconvnet,42,5,42,0.6,0.10155048005794949,0.6,0.10155048005794952,0.6012704254809519,0.10447471553543554,0.2,0.20310096011589904,0.6285000000000001,0.10508330029076936
2.5-5,shallowconvnet,43,5,42,0.985,0.022360679774997918,0.985,0.022360679774997918,0.9852380952380951,0.02223355719986431,0.97,0.04472135954999579,0.998,0.004472135954999583
2.5-5,shallowconvnet,44,5,42,0.9099999999999999,0.022360679774997918,0.9099999999999999,0.022360679774997932,0.9116351484772537,0.022116229632507083,0.8200000000000001,0.04472135954999577,0.9745000000000001,0.009082951062292496
2.5-5,shallowconvnet,45,5,42,0.64,0.08215838362577493,0.64,0.08215838362577493,0.6451544067723903,0.08237734900161915,0.27999999999999997,0.16431676725154984,0.6994999999999999,0.10537729831420052
2.5-5,shallowconvnet,46,5,42,0.6485897435897436,0.050576882454242585,0.648157894736842,0.049840465709708875,0.6556989170250039,0.05316594697192193,0.2966578599735799,0.10026239070495709,0.7146842105263158,0.06149859805171882
2.5-5,shallowconvnet,47,5,42,0.7916329284750339,0.05254803223962529,0.7909356725146199,0.051789787839055225,0.8137969608364344,0.05585592793478269,0.5826114175292743,0.10458400752713243,0.8944752231455834,0.03432415511379004
2.5-5,shallowconvnet,48,5,42,0.8992307692307693,0.04076288049237324,0.8994736842105263,0.04036922733017635,0.9044332252004885,0.041637377477896004,0.7985826771653544,0.08132880626659568,0.9712368421052633,0.030285117890656636
2.5-5,shallowconvnet,49,5,42,0.843859649122807,0.040926526342019126,0.8445614035087721,0.039701180052335514,0.8477717680234843,0.03585495461066568,0.6879239515650556,0.08076797670111525,0.9171345029239767,0.0429151968091055
2.5-5,shallowconvnet,50,5,42,0.9800000000000001,0.011180339887498959,0.9800000000000001,0.011180339887498959,0.980952380952381,0.01064794274999901,0.96,0.022360679774997918,0.994,0.006274950199005619
2.5-5,shallowconvnet,51,5,42,0.4746288798920378,0.06322216645078532,0.4768421052631579,0.06368067628296635,0.47836461382901,0.06680629130204975,-0.04615966007553838,0.12708396077832285,0.49631578947368415,0.0512516468217272
2.5-5,shallowconvnet,52,5,42,0.7049999999999998,0.11779218989389746,0.7049999999999998,0.11779218989389748,0.7059216222374116,0.11820931639130126,0.41000000000000003,0.2355843797877949,0.7204999999999999,0.12524226523023285
2.5-5,tgarnet,1,5,42,0.765,0.022360679774997918,0.765,0.022360679774997918,0.7753333333333334,0.026420412457878916,0.53,0.04472135954999579,0.8585,0.05458937625582473
2.5-5,tgarnet,2,5,42,0.52,0.04472135954999581,0.52,0.044721359549995836,0.4760416666666666,0.1364588753813633,0.039999999999999966,0.08944271909999163,0.5275000000000001,0.07474958193863021
2.5-5,tgarnet,3,5,42,0.9199999999999999,0.057008771254956896,0.9199999999999999,0.057008771254956896,0.9224155657686415,0.056002238569431276,0.8400000000000001,0.11401754250991379,0.969,0.02589642832515713
2.5-5,tgarnet,4,5,42,0.75,0.07071067811865472,0.75,0.07071067811865472,0.7552218045112782,0.07026415852769956,0.5000000000000001,0.14142135623730953,0.844,0.07659960835409015
2.5-5,tgarnet,5,5,42,0.8241025641025642,0.025080409804268178,0.8244736842105264,0.025027685501285295,0.8303438799762329,0.02832891070254489,0.648440366972477,0.05012147519679265,0.8658157894736842,0.03319408530399619
2.5-5,tgarnet,6,5,42,0.7634920634920634,0.13124786288437537,0.7591447368421053,0.1325432183344523,0.7665909090909091,0.13683478054996295,0.5201433115302599,0.26707365144530243,0.8450657894736843,0.11767491548359833
2.5-5,tgarnet,7,5,42,0.5349999999999999,0.06020797289396146,0.5349999999999999,0.060207972893961514,0.5444455128205128,0.07038784028408299,0.06999999999999998,0.12041594578792297,0.5885,0.05498863518946437
2.5-5,tgarnet,8,5,42,0.5905128205128205,0.05866242756336088,0.5921052631578948,0.052557513675661194,0.5514358545937492,0.17212382204089763,0.18462151394422308,0.10529894421547822,0.6143157894736841,0.14735207263642172
2.5-5,tgarnet,9,5,42,0.575,0.030618621784789708,0.575,0.030618621784789732,0.6223925927873296,0.07616869819632618,0.15,0.061237243569579415,0.59375,0.06292977236570942
2.5-5,tgarnet,10,5,42,0.7000000000000001,0.03952847075210472,0.7000000000000001,0.03952847075210474,0.7034954726291044,0.037774478873102244,0.4,0.07905694150420946,0.7535,0.055073814104345455
2.5-5,tgarnet,11,5,42,0.54,0.1039831717154271,0.54,0.1039831717154271,0.5417318354160459,0.1084353591171767,0.08,0.2079663434308542,0.5245,0.10687902039221736
2.5-5,tgarnet,12,5,42,0.7242016806722689,0.03174647113443388,0.7235294117647058,0.03337495799133798,0.7366056227913813,0.02586352724959007,0.44732862249627925,0.0655795456031154,0.808727412533641,0.022687248415275325
2.5-5,tgarnet,13,5,42,0.8300000000000001,0.057008771254956896,0.8300000000000001,0.05700877125495687,0.8349368686868687,0.05918693769545723,0.6599999999999999,0.1140175425099138,0.9029999999999999,0.05930324611688643
2.5-5,tgarnet,14,5,42,0.975,0.0,0.975,0.0,0.976190476190476,1.2412670766236366e-16,0.95,0.0,0.998,0.004472135954999583
2.5-5,tgarnet,15,5,42,0.5809716599190284,0.04341621576827372,0.5794444444444445,0.04120105082856421,0.5856579645844352,0.04655800738270114,0.15953333808787248,0.08328651284612162,0.6309141274238227,0.07457078375226882
2.5-5,tgarnet,16,5,42,0.48217948717948717,0.059992260622919145,0.4826315789473684,0.059563276719116154,0.43190805498400736,0.11785973376777896,-0.03460732984293189,0.11900596692570055,0.5518157894736841,0.09130471645286127
2.5-5,tgarnet,17,5,42,0.45,0.04677071733467427,0.45,0.04677071733467427,0.4390400534390304,0.059140804132687436,-0.1,0.09354143466934853,0.45099999999999996,0.07298544375421719
2.5-5,tgarnet,18,5,42,0.605,0.09420721840708385,0.6050000000000001,0.09420721840708386,0.5670333250978412,0.1922702635700431,0.20999999999999996,0.18841443681416772,0.641,0.12107074378230272
2.5-5,tgarnet,19,5,42,0.5665024630541872,0.01477832512315269,0.5,0.0,0.2832512315270936,0.007389162561576345,0.0,0.0,0.5785303544494721,0.09954107310714924
2.5-5,tgarnet,20,5,42,0.6382352941176471,0.012082115239084566,0.5,0.0,0.31911764705882356,0.006041057619542283,0.0,0.0,0.8154545454545454,0.08744931629298307
2.5-5,tgarnet,21,5,42,0.7137179487179488,0.03651765039360498,0.7134210526315791,0.03621888290966987,0.7213677354350729,0.03442161340687022,0.4270976253298153,0.07269252593182002,0.7951842105263159,0.051953660366568635
2.5-5,tgarnet,22,5,42,0.6599999999999999,0.10982941318244399,0.6599999999999999,0.10982941318244399,0.6642543859649123,0.1132643063513809,0.32,0.21965882636488795,0.712,0.07866860873308996
2.5-5,tgarnet,23,5,42,0.7410256410256411,0.02888174442581748,0.7413157894736842,0.028851515944559432,0.7437095744961877,0.029877335318887886,0.4822577458483865,0.05777730608980687,0.8096842105263157,0.043542255084450275
2.5-5,tgarnet,24,5,42,0.6385897435897435,0.08956988684001928,0.6389473684210527,0.08996863873416487,0.5946160971736419,0.19883558765003875,0.27754914809960685,0.17955060934878836,0.7167894736842105,0.12964929121252977
2.5-5,tgarnet,25,5,42,0.6017948717948718,0.041380675312074934,0.6028947368421053,0.04081493263208668,0.6074435775894587,0.045447276861489354,0.20533359143244434,0.08162359033718761,0.6826315789473684,0.028803470089499187
2.5-5,tgarnet,26,5,42,0.745,0.08177713616898064,0.745,0.08177713616898065,0.7632115575062978,0.06368330534937008,0.49000000000000005,0.16355427233796127,0.8625,0.07204599225494782
2.5-5,tgarnet,27,5,42,0.5351351351351352,0.06995772489483669,0.5213450292397661,0.07375147769614171,0.3779503657793132,0.17373088273930237,0.04255324614166145,0.14736817217657108,0.6030701754385965,0.09114884474132359
2.5-5,tgarnet,28,5,42,0.7294871794871794,0.03961932600092937,0.7292105263157895,0.039335283689536156,0.7355109397826116,0.03875283093826234,0.4585825322458482,0.07874976309102333,0.8210526315789473,0.040640645293369755
2.5-5,tgarnet,30,5,42,0.5743333333333334,0.1302326977204863,0.5775641025641025,0.12672219275027252,0.42674125874125873,0.25594392506397357,0.1553763440860215,0.2534904901657317,0.6457264957264958,0.07771508814800945
2.5-5,tgarnet,31,5,42,0.6684615384615384,0.05881283621916233,0.6686842105263158,0.058927687033931475,0.6706933052327789,0.05891975996489442,0.33716535433070866,0.11774964641118231,0.7713157894736843,0.03368202603936327
2.5-5,tgarnet,32,5,42,0.5549999999999999,0.06471089552772392,0.5549999999999999,0.06471089552772391,0.5725696128253673,0.09702286459005148,0.10999999999999999,0.12942179105544788,0.5805,0.07080783854913239
2.5-5,tgarnet,33,5,42,0.627948717948718,0.06604835307648262,0.6278947368421053,0.06608748294240027,0.631737728272087,0.0640706771235511,0.2557894736842105,0.1321749658848006,0.6660263157894737,0.06944566819481927
2.5-5,tgarnet,35,5,42,0.8450000000000001,0.07786205751198721,0.8450000000000001,0.07786205751198721,0.8537496003047222,0.07513234388128012,0.6900000000000001,0.1557241150239744,0.9295000000000002,0.054123700908197306
2.5-5,tgarnet,36,5,42,0.7025641025641025,0.07606357422662219,0.7013157894736842,0.07587782678976744,0.7081358327488358,0.07492200962326102,0.4035358255282313,0.15213207601964224,0.7557894736842105,0.07186186348698949
2.5-5,tgarnet,37,5,42,0.775,0.03535533905932737,0.775,0.03535533905932733,0.7918517129161899,0.043403720436463074,0.55,0.07071067811865477,0.892,0.030020826104556156
2.5-5,tgarnet,38,5,42,0.48690958164642373,0.04364006070430567,0.48763157894736836,0.043675490569131475,0.4846684704184704,0.04803215755726309,-0.02470798405936516,0.08735361310848871,0.4522160664819944,0.05285435430219443
2.5-5,tgarnet,39,5,42,0.6582051282051282,0.042555606195564005,0.6573684210526316,0.043016456298321154,0.6672808221178121,0.03912296222491836,0.31517241379310346,0.08577824463854407,0.6865263157894738,0.06319328778041708
2.5-5,tgarnet,40,5,42,0.5800000000000001,0.03708099243547831,0.5800000000000001,0.03708099243547832,0.5857045800203695,0.042417110833165045,0.16,0.0741619848709566,0.5795,0.03962322551231789
2.5-5,tgarnet,41,5,42,0.8088461538461539,0.06360124482425848,0.8086842105263157,0.06372823619591757,0.8146551226551229,0.06289757894363848,0.6175098814229248,0.1273450988598604,0.9043157894736842,0.044954713285009336
2.5-5,tgarnet,42,5,42,0.61,0.10694624818103717,0.61,0.10694624818103717,0.6132499050656944,0.11017397468920924,0.22000000000000003,0.21389249636207439,0.6865,0.07366732654304754
2.5-5,tgarnet,43,5,42,0.9800000000000001,0.020916500663351906,0.9800000000000001,0.020916500663351906,0.9804761904761905,0.020783955088376393,0.96,0.04183300132670378,0.9995,0.0011180339887499207
2.5-5,tgarnet,44,5,42,0.8300000000000001,0.03259601202601322,0.8300000000000001,0.03259601202601322,0.8382242601478029,0.02695322432361268,0.66,0.0651920240520265,0.8879999999999999,0.03074085229787879
2.5-5,tgarnet,45,5,42,0.49000000000000005,0.06274950199005568,0.49000000000000005,0.06274950199005568,0.4918387463093345,0.09463272748902503,-0.019999999999999997,0.12549900398011132,0.5515000000000001,0.11977322321787957
2.5-5,tgarnet,46,5,42,0.7132051282051282,0.10244644693920232,0.7134210526315788,0.10225724581333902,0.715645523170089,0.10173082007237488,0.42669291338582677,0.20464478312181458,0.7661578947368421,0.10809714646923961
2.5-5,tgarnet,47,5,42,0.7659919028340082,0.10397758166724498,0.7647076023391813,0.10547759793151015,0.7829869539383606,0.10462196829431422,0.5301189455730038,0.20893985573231305,0.8676562019082794,0.06014708982558732
2.5-5,tgarnet,48,5,42,0.6632051282051281,0.029931847856552774,0.6636842105263158,0.02950421351194519,0.6679601417225929,0.031969757529198714,0.32706806282722517,0.059269524765123684,0.7588947368421051,0.07305047016368706
2.5-5,tgarnet,49,5,42,0.8120107962213226,0.05818561732957161,0.8109649122807019,0.05563734745466373,0.8330715912627676,0.06067349098710073,0.623254973776411,0.11424818093339964,0.8664912280701754,0.03341169485217574
2.5-5,tgarnet,50,5,42,0.8800000000000001,0.037080992435478355,0.8800000000000001,0.037080992435478334,0.8815599605073288,0.037605873844002824,0.76,0.07416198487095663,0.9355,0.03697127263159869
2.5-5,tgarnet,51,5,42,0.5051282051282051,0.021452821193181416,0.5052631578947369,0.021700555924303498,0.3558095238095238,0.14662476713575215,0.010360976418417666,0.0431619524960642,0.5164542936288089,0.033065006185075414
2.5-5,tgarnet,52,5,42,0.595,0.07582875444051548,0.595,0.07582875444051548,0.5475734791524266,0.17424517625003455,0.19,0.15165750888103102,0.696,0.0618617410036284
0-7,eegnet,1,5,42,0.8450000000000001,0.03259601202601327,0.8450000000000001,0.032596012026013275,0.8488623053409701,0.03043356320826515,0.6900000000000001,0.0651920240520265,0.931,0.019968725547715827
0-7,eegnet,2,5,42,0.49499999999999994,0.07373940601876312,0.49499999999999994,0.07373940601876312,0.4516733565120662,0.14538808313492355,-0.009999999999999986,0.14747881203752627,0.49749999999999994,0.09761211502677318
0-7,eegnet,3,5,42,0.95,0.03952847075210472,0.95,0.03952847075210476,0.9521682995367206,0.03830226975366116,0.9,0.07905694150420946,0.9955,0.006224949798994368
0-7,eegnet,4,5,42,0.8099999999999999,0.07826237921249261,0.8099999999999999,0.07826237921249263,0.8214412589183407,0.06030392046786811,0.6199999999999999,0.15652475842498528,0.8790000000000001,0.08768908141838411
0-7,eegnet,5,5,42,0.9097435897435897,0.037579086011463,0.9097368421052632,0.03757034030873459,0.9149066992444297,0.034592184888436774,0.8194736842105265,0.0751406806174692,0.9554473684210526,0.022895228367379495
0-7,eegnet,6,5,42,0.786984126984127,0.08128743299187562,0.780921052631579,0.08312578754339198,0.7962153750389046,0.07859953307012647,0.5659056622138691,0.16481577658741012,0.8797368421052632,0.08489418787244606
0-7,eegnet,7,5,42,0.54,0.03791437722025774,0.54,0.03791437722025778,0.5406488949646845,0.03818175347068551,0.08,0.07582875444051547,0.529,0.039433488306260686
0-7,eegnet,8,5,42,0.5103846153846153,0.03276575460074456,0.5092105263157894,0.03153780214264971,0.503750367279779,0.042812919792804396,0.018568829041943367,0.06322635364092737,0.5463947368421052,0.07473612397727628
0-7,eegnet,9,5,42,0.6849999999999999,0.12449899597988731,0.6849999999999999,0.12449899597988731,0.694048729048729,0.13277446085993544,0.37,0.24899799195977465,0.7895000000000001,0.13887269350019824
0-7,eegnet,10,5,42,0.5349999999999999,0.07416198487095664,0.5349999999999999,0.07416198487095664,0.5368348756506651,0.0774431914550294,0.06999999999999999,0.14832396974191328,0.5705,0.056441341231405893
0-7,eegnet,11,5,42,0.44000000000000006,0.04541475531146238,0.44000000000000006,0.04541475531146238,0.39428228972161533,0.09967610459853198,-0.12000000000000002,0.09082951062292473,0.40499999999999997,0.03544361719689457
0-7,eegnet,12,5,42,0.6838655462184875,0.040617019214131335,0.6843137254901961,0.042000139343814386,0.7018100004570593,0.04889039600041212,0.36796088731021886,0.08249109857033421,0.7534602076124568,0.04969763127363899
0-7,eegnet,13,5,42,0.9100000000000001,0.022360679774997918,0.9100000000000001,0.022360679774997918,0.9176473793178598,0.024487604428979046,0.8200000000000001,0.04472135954999577,0.9712500000000001,0.03099899191909307
0-7,eegnet,14,5,42,0.985,0.022360679774997918,0.985,0.022360679774997918,0.9861471861471861,0.020454259142731503,0.97,0.04472135954999579,0.998,0.004472135954999584
0-7,eegnet,15,5,42,0.5129554655870445,0.05250685939068332,0.5096198830409356,0.04777955825667395,0.511710024369871,0.06698579873624598,0.020008808300434455,0.09663107370972851,0.5236057248384118,0.14324275824470892
0-7,eegnet,16,5,42,0.5125641025641026,0.027951217248871722,0.5126315789473684,0.02795239819938451,0.5160067939354867,0.03365812899409183,0.025256241787122224,0.055904635758292354,0.48910526315789477,0.026480308107186434
0-7,eegnet,17,5,42,0.5,0.055901699437494734,0.5,0.05590169943749472,0.5455840455840455,0.12987959510593186,2.2204460492503132e-17,0.11180339887498948,0.5035000000000001,0.06573146126475511
0-7,eegnet,18,5,42,0.6900000000000001,0.07416198487095663,0.6900000000000001,0.07416198487095661,0.7049727404401211,0.06814779793020369,0.38,0.14832396974191325,0.7379999999999999,0.10412432472770236
0-7,eegnet,19,5,42,0.5812807881773399,0.0674310286798218,0.5306089743589744,0.07122266177370441,0.4557931034482758,0.19401046797150098,0.06508479226149959,0.15151367543599348,0.4980109351432881,0.14371408737842242
0-7,eegnet,20,5,42,0.6970588235294117,0.10873903715176092,0.5909090909090909,0.16079534300599335,0.5326983065953654,0.2966778445030445,0.18960634381195132,0.3216035455801733,0.7,0.12097989117184829
0-7,eegnet,21,5,42,0.7788461538461539,0.05144006105805867,0.7789473684210526,0.0514169044278419,0.781872424026819,0.05325124244740538,0.5577529566360052,0.10286603960247635,0.8711052631578948,0.0656672944437091
0-7,eegnet,22,5,42,0.5449999999999999,0.10368220676663861,0.5449999999999999,0.1036822067666386,0.550231904547694,0.11163789781158528,0.09000000000000001,0.20736441353327717,0.5519999999999999,0.17620478143342191
0-7,eegnet,23,5,42,0.8016666666666667,0.18642916879337532,0.8044736842105262,0.18123680580498364,0.7587976935345357,0.29452317152062224,0.6085019710906702,0.3620886336267799,0.9219736842105265,0.11354447430601526
0-7,eegnet,24,5,42,0.522948717948718,0.08069339133816458,0.5226315789473684,0.08036770585281332,0.5214717700600053,0.0847171484897622,0.045356200527704484,0.1608303440448463,0.5383157894736843,0.11856129853242707
0-7,eegnet,25,5,42,0.5457692307692307,0.02440784571160253,0.5489473684210526,0.023855375649283337,0.5826283709964925,0.024372658071286628,0.09719065556230602,0.04729812920202516,0.5072105263157894,0.09762015821979975
0-7,eegnet,26,5,42,0.7350000000000001,0.13874436925511607,0.7350000000000001,0.1387443692551161,0.7426533398400407,0.14174846019535273,0.4699999999999999,0.27748873851023215,0.8140000000000001,0.16211107303327554
0-7,eegnet,27,5,42,0.48108108108108105,0.05198752449100363,0.4827124183006536,0.05306174290611684,0.4815104483362034,0.06313363526543818,-0.03463420754120792,0.10538437843554,0.4987684898520811,0.0506223035499781
0-7,eegnet,28,5,42,0.8319230769230771,0.07270542096708688,0.8305263157894736,0.0733509852422657,0.8404676803431682,0.0694261173985526,0.6626504491769005,0.14651194381980082,0.904342105263158,0.07302868654283559
0-7,eegnet,30,5,42,0.5063333333333333,0.1691662561571374,0.501923076923077,0.16591918178723072,0.5345119352088661,0.2273113815457597,0.005472684798216809,0.3330448048398623,0.47307692307692306,0.15365201723051508
0-7,eegnet,31,5,42,0.6183333333333333,0.11139893276967343,0.6176315789473683,0.11102877643510214,0.6236945560833028,0.11457889250594834,0.2356953642384106,0.22228107119312404,0.6635789473684212,0.1948761370589376
0-7,eegnet,32,5,42,0.505,0.054198708471697034,0.505,0.054198708471697,0.5017387407913724,0.057606453217932015,0.010000000000000009,0.10839741694339397,0.506,0.05569447908006681
0-7,eegnet,33,5,42,0.5171794871794871,0.06870855992118542,0.5163157894736842,0.07000074198261291,0.5148424674740465,0.07297272374857464,0.03241379310344825,0.14033148288669778,0.4851842105263158,0.06241182145286028
0-7,eegnet,35,5,42,0.9,0.025000000000000022,0.9,0.025000000000000022,0.9074172002897269,0.026166475208767952,0.8,0.04999999999999999,0.977,0.010216408370851318
0-7,eegnet,36,5,42,0.7076923076923076,0.0344010458076891,0.7057894736842105,0.035043008794536444,0.7133671679197995,0.03358119096990707,0.4129217635700731,0.06984218856363977,0.76,0.0656683094788201
0-7,eegnet,37,5,42,0.7499999999999999,0.03952847075210478,0.7499999999999999,0.03952847075210474,0.7568638948434344,0.03487233112366777,0.5,0.07905694150420949,0.8815,0.024786589115890937
0-7,eegnet,38,5,42,0.49176788124156545,0.0925219081565041,0.49000000000000005,0.09086381395792614,0.49653250153047307,0.12595748931660547,-0.01961530331853729,0.18207471902195946,0.4348753462603878,0.12432012914130455
0-7,eegnet,39,5,42,0.7285897435897437,0.02788498378772261,0.7286842105263158,0.027840687457682194,0.7315028231665732,0.029833373512906294,0.45725361366622863,0.05573484410865357,0.7577894736842106,0.04873995741435831
0-7,eegnet,40,5,42,0.575,0.03952847075210473,0.575,0.03952847075210473,0.5819546481615447,0.04343907138154996,0.15,0.07905694150420946,0.636,0.10591269989949273
0-7,eegnet,41,5,42,0.5932051282051283,0.06290320303454557,0.5936842105263158,0.06336588559361983,0.6196884443355064,0.05645547840090101,0.18706806282722516,0.12643851689818417,0.6042631578947368,0.08778759621872269
0-7,eegnet,42,5,42,0.585,0.09117291264405233,0.585,0.0911729126440523,0.6156154206154205,0.09861921564605088,0.17,0.18234582528810472,0.5795,0.07967512158760727
0-7,eegnet,43,5,42,0.9949999999999999,0.011180339887498959,0.9949999999999999,0.011180339887498959,0.9952380952380953,0.01064794274999901,0.99,0.022360679774997918,1.0,0.0
0-7,eegnet,44,5,42,0.825,0.06123724356957945,0.825,0.06123724356957947,0.8270570365307208,0.061066597970000795,0.65,0.1224744871391589,0.9015000000000001,0.04540099117860752
0-7,eegnet,45,5,42,0.49000000000000005,0.06274950199005568,0.49000000000000005,0.06274950199005565,0.49887801450301444,0.084034408120293,-0.019999999999999997,0.12549900398011132,0.5305,0.1051843619555683
0-7,eegnet,46,5,42,0.7387179487179487,0.07185865984972005,0.7386842105263158,0.0718558402139533,0.7482100446429427,0.07035553573160133,0.47736842105263155,0.14371168042790655,0.8097894736842106,0.1118249832095051
0-7,eegnet,47,5,42,0.7026990553306343,0.038843194828999256,0.7016081871345029,0.04027983406092499,0.7097620697006886,0.03700666292434141,0.4037284915179814,0.07976810807051553,0.7605078485687903,0.032598855597331146
0-7,eegnet,48,5,42,0.9247435897435897,0.024684065509399365,0.9247368421052633,0.0246758767213398,0.9290912888281309,0.02007568358818622,0.8494736842105262,0.04935175344267957,0.9714210526315789,0.023537447325332396
0-7,eegnet,49,5,42,0.8538461538461538,0.04869906662469037,0.8526023391812865,0.04944584070569447,0.864021978021978,0.04923263450040497,0.7064503312271546,0.09807437263964883,0.9159649122807018,0.04263236608743958
0-7,eegnet,50,5,42,0.985,0.03354101966249683,0.985,0.03354101966249683,0.9869565217391305,0.029166104054345113,0.97,0.0670820393249937,1.0,0.0
0-7,eegnet,51,5,42,0.5669365721997301,0.06428059658452555,0.5686842105263159,0.06304403113297756,0.5717159017453135,0.06350865835663982,0.13707788302076462,0.12620300221375755,0.5488919667590028,0.09851248605435903
0-7,eegnet,52,5,42,0.615,0.0651920240520265,0.615,0.06519202405202648,0.6183327199116673,0.0676715018394066,0.23000000000000004,0.130384048104053,0.6569999999999999,0.1465904157849346
0-7,shallowconvnet,1,5,42,0.8649999999999999,0.03791437722025778,0.8649999999999999,0.037914377220257735,0.8684632024920085,0.03775253461939492,0.7300000000000001,0.07582875444051551,0.9414999999999999,0.024405429723731557
0-7,shallowconvnet,2,5,42,0.49499999999999994,0.10216408370851277,0.49499999999999994,0.10216408370851277,0.4917026512633257,0.10759493878201554,-0.010000000000000009,0.20432816741702553,0.5125000000000001,0.13471033739101096
0-7,shallowconvnet,3,5,42,0.9949999999999999,0.011180339887498959,0.9949999999999999,0.011180339887498959,0.9952380952380953,0.01064794274999901,0.99,0.022360679774997918,1.0,0.0
0-7,shallowconvnet,4,5,42,0.89,0.06274950199005565,0.89,0.06274950199005563,0.9005015452383874,0.05390497873893752,0.78,0.12549900398011132,0.9469999999999998,0.03402205167240803
0-7,shallowconvnet,5,5,42,0.9600000000000002,0.02850438562747844,0.9600000000000002,0.02850438562747844,0.9640127987954076,0.024884933719221864,0.9199999999999999,0.057008771254956896,0.982,0.02146217603133475
0-7,shallowconvnet,6,5,42,0.7812698412698412,0.09227124888678069,0.7709868421052631,0.09121201017334006,0.8028836903836905,0.09958243057896779,0.5513913022068776,0.18586191937813853,0.8982894736842104,0.08027744695930926
0-7,shallowconvnet,7,5,42,0.525,0.05863019699779288,0.525,0.05863019699779288,0.5254291979949874,0.05996134827394129,0.050000000000000024,0.1172603939955857,0.5415,0.08614304963257335
0-7,shallowconvnet,8,5,42,0.5046153846153846,0.047872213751206025,0.5042105263157894,0.04782673020271884,0.5043849206349206,0.04854265101561806,0.008453943257092833,0.09555429934429012,0.5625,0.03731359488016248
0-7,shallowconvnet,9,5,42,0.705,0.10216408370851274,0.705,0.10216408370851277,0.7087023786700728,0.10287316747085724,0.41,0.20432816741702547,0.776,0.11990360711838491
0-7,shallowconvnet,10,5,42,0.8850000000000001,0.051841103383319306,0.8850000000000001,0.051841103383319306,0.8964727195225917,0.05137947006451592,0.7700000000000001,0.10368220676663861,0.9435,0.0693856973734501
0-7,shallowconvnet,11,5,42,0.49000000000000005,0.09617692030835671,0.49000000000000005,0.0961769203083567,0.49024535443468,0.1061180463351857,-0.019999999999999997,0.19235384061671343,0.4887499999999999,0.10430574049399195
0-7,shallowconvnet,12,5,42,0.7184873949579832,0.054271663504092536,0.7189542483660131,0.05233861888250646,0.7244854784018872,0.055737322557630656,0.43767598040839795,0.10647840118988408,0.7709342560553634,0.08685845676614866
0-7,shallowconvnet,13,5,42,0.905,0.05419870847169701,0.905,0.05419870847169701,0.9110887056438275,0.05177481757530372,0.8100000000000002,0.10839741694339397,0.9710000000000001,0.017818529681205505
0-7,shallowconvnet,14,5,42,0.9800000000000001,0.020916500663351906,0.9800000000000001,0.020916500663351906,0.9804761904761905,0.020783955088376396,0.96,0.04183300132670378,0.9994999999999999,0.0011180339887499207
0-7,shallowconvnet,15,5,42,0.6587044534412956,0.14303592730565456,0.6571345029239766,0.14216381335381126,0.6624557076835311,0.14834220161006875,0.3155093616393926,0.2855013495107836,0.6753447214527546,0.18687686071875081
0-7,shallowconvnet,16,5,42,0.4723076923076923,0.05337361336419239,0.4742105263157894,0.053062381622862594,0.4659754901960785,0.05784484668461109,-0.051354838709677456,0.10610927357986293,0.46218421052631575,0.05936586713548385
0-7,shallowconvnet,17,5,42,0.5250000000000001,0.04677071733467426,0.525,0.04677071733467428,0.528369199388866,0.054210536703950214,0.05,0.09354143466934857,0.5155000000000001,0.11359742514687557
0-7,shallowconvnet,18,5,42,0.6799999999999999,0.04472135954999578,0.6799999999999999,0.04472135954999585,0.6888103232369179,0.03879751956021685,0.36,0.08944271909999156,0.732,0.05194347889774036
0-7,shallowconvnet,19,5,42,0.5807881773399014,0.037613022992750905,0.5473510558069382,0.029871908750563083,0.5986495726495725,0.11889648325637184,0.10052082979593543,0.06563418236052522,0.5789121417797889,0.10020052951093915
0-7,shallowconvnet,20,5,42,0.6625,0.03312905978255533,0.5778787878787879,0.06200654605686937,0.6115312791783379,0.18757011479635993,0.16642349825448416,0.12408382144887807,0.6363636363636364,0.09601208027758092
0-7,shallowconvnet,21,5,42,0.5128205128205128,0.06526352537907118,0.5126315789473684,0.06507905910135767,0.5127250234397899,0.06568419126340538,0.025296442687747046,0.13019043767985553,0.5507894736842105,0.06118074410101154
0-7,shallowconvnet,22,5,42,0.7100000000000001,0.13299436078270388,0.7100000000000001,0.13299436078270388,0.7102255639097744,0.13305009417793182,0.41999999999999993,0.2659887215654077,0.7974999999999999,0.1622209141880294
0-7,shallowconvnet,23,5,42,0.9593589743589744,0.022905345060643352,0.96,0.022360679774997873,0.9625108225108227,0.01939444065330878,0.9188322428755707,0.04562223954221076,0.9964210526315791,0.0042006463029968235
0-7,shallowconvnet,24,5,42,0.7133333333333333,0.026087459737497553,0.7128947368421054,0.02706819130657641,0.7191517845124319,0.02806650985996344,0.4260501981505945,0.05355338498292097,0.7903684210526316,0.0325357250910782
0-7,shallowconvnet,25,5,42,0.5406410256410256,0.07584121705123992,0.54,0.07352308511155749,0.5422694057860298,0.08293537818580454,0.08060461762666211,0.14677028183086818,0.5519342105263159,0.04887373316648533
0-7,shallowconvnet,26,5,42,0.8300000000000001,0.03259601202601322,0.8300000000000001,0.03259601202601322,0.833101371191289,0.03428015241298535,0.6599999999999999,0.0651920240520265,0.8755,0.06225953742198863
0-7,shallowconvnet,27,5,42,0.49729729729729727,0.040988515913792156,0.4988235294117647,0.03938526369936827,0.49830910031996983,0.04126944783694318,-0.002151688878801483,0.07830060989707265,0.5219177846577228,0.045871342799092905
0-7,shallowconvnet,28,5,42,0.7956410256410257,0.09474870740142387,0.796578947368421,0.0927076168179642,0.8132161460800565,0.0822416955309807,0.5925432328459476,0.1872729531799577,0.8769736842105263,0.07252674069847266
0-7,shallowconvnet,30,5,42,0.5326666666666667,0.10399385665616129,0.5301282051282051,0.10362531916409531,0.5345179738562091,0.10800362104588476,0.0606396839406548,0.20768628691343297,0.4982905982905983,0.06202725917396389
0-7,shallowconvnet,31,5,42,0.5326923076923077,0.04475029337776958,0.5328947368421053,0.04478519059241447,0.5328966063923662,0.045067548070193135,0.06574803149606301,0.08956281897638713,0.5556052631578948,0.04755906445871664
0-7,shallowconvnet,32,5,42,0.555,0.06708203932499368,0.555,0.06708203932499368,0.5503720000759473,0.0790912403273576,0.10999999999999996,0.13416407864998742,0.5589999999999999,0.09071934744033379
0-7,shallowconvnet,33,5,42,0.5221794871794871,0.0632939382302882,0.523157894736842,0.06164301660240903,0.5270212233823848,0.07262303529178026,0.04656249999999999,0.12287450724723174,0.5738157894736842,0.07410722092958162
0-7,shallowconvnet,35,5,42,0.8800000000000001,0.03259601202601327,0.8800000000000001,0.032596012026013255,0.895860856979278,0.022918779012921425,0.76,0.06519202405202651,0.9674999999999999,0.023116552511133655
0-7,shallowconvnet,36,5,42,0.7076923076923076,0.08229131556862158,0.7076315789473684,0.08187235014002905,0.7105874423134486,0.08123996272961861,0.4152765678572267,0.16427220789160388,0.8157894736842106,0.06618303336820683
0-7,shallowconvnet,37,5,42,0.765,0.0575543221661067,0.765,0.0575543221661067,0.7763878446115287,0.059206362900791974,0.53,0.11510864433221338,0.82975,0.09419229002418406
0-7,shallowconvnet,38,5,42,0.5551956815114709,0.07471223317680105,0.5555263157894736,0.07448112293145284,0.5628429942097373,0.08304187052570478,0.1110298682486032,0.14897793714653676,0.5354570637119113,0.06059141259991107
0-7,shallowconvnet,39,5,42,0.7089743589743589,0.11163328565798894,0.7092105263157895,0.11186145343478665,0.7128688197767146,0.11653455000915207,0.4181102362204724,0.223422161691549,0.765263157894737,0.10286128982565955
0-7,shallowconvnet,40,5,42,0.5850000000000001,0.04541475531146236,0.5850000000000001,0.045414755311462364,0.5872646768436243,0.046956706710070496,0.16999999999999998,0.09082951062292473,0.619,0.06218922736294448
0-7,shallowconvnet,41,5,42,0.9800000000000001,0.02738612787525833,0.9800000000000001,0.02738612787525833,0.9809090909090908,0.0261906550743417,0.96,0.0547722557505166,0.9995,0.0011180339887499207
0-7,shallowconvnet,42,5,42,0.565,0.08403868156985805,0.565,0.08403868156985807,0.6125717907823172,0.11430870574628962,0.12999999999999998,0.16807736313971613,0.5845,0.0705646866357387
0-7,shallowconvnet,43,5,42,0.9949999999999999,0.011180339887498959,0.9949999999999999,0.011180339887498959,0.9952380952380953,0.01064794274999901,0.99,0.022360679774997918,0.999,0.0022360679774997916
0-7,shallowconvnet,44,5,42,0.885,0.028504385627478476,0.8850000000000001,0.028504385627478427,0.8871041239462292,0.028199931425144018,0.7699999999999999,0.05700877125495691,0.951,0.01816590212458492
0-7,shallowconvnet,45,5,42,0.635,0.04183300132670377,0.635,0.04183300132670372,0.6415850231639705,0.04630826914582522,0.27,0.08366600265340758,0.6285000000000001,0.03214226189925033
0-7,shallowconvnet,46,5,42,0.6432051282051282,0.08905712731929002,0.6431578947368422,0.08905863486048556,0.6501281400432026,0.0883431225047894,0.2863157894736842,0.17811726972097117,0.6630263157894737,0.07304065767180762
0-7,shallowconvnet,47,5,42,0.7762483130904183,0.037601362150817524,0.7748830409356724,0.039922775648215524,0.79647315680891,0.014910191023992797,0.5507815699924468,0.0778484523664961,0.8636026469682978,0.02683713365958721
0-7,shallowconvnet,48,5,42,0.8843589743589743,0.028819788520874058,0.8844736842105263,0.028758354199920556,0.893727120832384,0.030343421676336562,0.7687516425755584,0.05762126215658477,0.952921052631579,0.05332896522393765
0-7,shallowconvnet,49,5,42,0.8538461538461538,0.036507778988609116,0.8564619883040935,0.03222024542603788,0.867272815457228,0.02214321279996613,0.7092829017637508,0.07016150770948486,0.9263157894736842,0.02154065009967424
0-7,shallowconvnet,50,5,42,0.97,0.032596012026013234,0.97,0.032596012026013234,0.970451127819549,0.03227837636980013,0.9400000000000001,0.0651920240520265,0.993,0.009585144756340386
0-7,shallowconvnet,51,5,42,0.4897435897435898,0.054694176942824475,0.49078947368421044,0.05254104054763529,0.49182771992369523,0.056440898345911775,-0.01803367154052047,0.1051847324608772,0.4729362880886427,0.045173337747946296
0-7,shallowconvnet,52,5,42,0.51,0.05184110338331933,0.51,0.05184110338331932,0.504046324046324,0.07915091940680048,0.020000000000000018,0.10368220676663857,0.45200000000000007,0.09613467116498604
0-7,tgarnet,1,5,42,0.7150000000000001,0.04183300132670376,0.7150000000000001,0.04183300132670376,0.7239422930509214,0.037270460373535666,0.43,0.08366600265340758,0.7695000000000001,0.040288025516274695
0-7,tgarnet,2,5,42,0.475,0.05590169943749474,0.475,0.05590169943749474,0.32333333333333336,0.11093040861529158,-0.05,0.1118033988749895,0.476,0.0413672575837461
0-7,tgarnet,3,5,42,0.75,0.05863019699779287,0.7500000000000001,0.05863019699779285,0.7674882779198636,0.04909894920137217,0.5,0.11726039399558572,0.8705,0.06328013116294878
0-7,tgarnet,4,5,42,0.565,0.0547722557505166,0.565,0.0547722557505166,0.5659965002019114,0.055330148520993036,0.13000000000000003,0.1095445115010332,0.5785,0.017374550353894094
0-7,tgarnet,5,5,42,0.7837179487179486,0.04995395644619685,0.7842105263157894,0.049469134729230195,0.8007457313218183,0.04590114525957388,0.5679057591623036,0.099440541883219,0.8496315789473684,0.07528140881031231
0-7,tgarnet,6,5,42,0.5733333333333334,0.04717250951366783,0.5299342105263157,0.06693492958963188,0.3519047619047619,0.16932461098466933,0.06046511627906977,0.13520411026742915,0.6492105263157895,0.13458055567280447
0-7,tgarnet,7,5,42,0.48,0.07582875444051553,0.48,0.07582875444051553,0.33068598068598065,0.13241942316011832,-0.040000000000000015,0.15165750888103102,0.5,0.13471033739101093
0-7,tgarnet,8,5,42,0.5151282051282051,0.0273831268201975,0.516842105263158,0.023728029639683908,0.36651126651126653,0.16254234818777916,0.03379310344827584,0.04755621243602566,0.5155526315789474,0.13592596923904354
0-7,tgarnet,9,5,42,0.585,0.07623975340988454,0.585,0.07623975340988456,0.5459760416075902,0.17573163771452915,0.17,0.15247950681976907,0.5955,0.14563867961499788
0-7,tgarnet,10,5,42,0.625,0.0770551750371122,0.625,0.0770551750371122,0.5761298639142225,0.18518105273896748,0.25,0.1541103500742244,0.6579999999999999,0.11781075927095966
0-7,tgarnet,11,5,42,0.505,0.037080992435478334,0.505,0.037080992435478334,0.4935789700495583,0.1878795113742167,0.009999999999999986,0.07416198487095667,0.49700000000000005,0.05230320257880965
0-7,tgarnet,12,5,42,0.6667226890756304,0.08909465469903094,0.6669934640522877,0.08983510936784961,0.6688967516831295,0.09020507835325252,0.33346996784036387,0.17937775740164416,0.7479430988081507,0.10536491584384924
0-7,tgarnet,13,5,42,0.5700000000000001,0.04472135954999577,0.5700000000000001,0.044721359549995794,0.521969696969697,0.1537382935354558,0.13999999999999996,0.08944271909999157,0.6125,0.08483439750478579
0-7,tgarnet,14,5,42,0.9349999999999999,0.04183300132670376,0.9349999999999999,0.04183300132670376,0.938546365914787,0.038820287444121755,0.8699999999999999,0.08366600265340754,0.9724999999999999,0.019121323175972944
0-7,tgarnet,15,5,42,0.4815114709851551,0.03667575759118627,0.4814327485380117,0.0342851063907996,0.2934249084249084,0.10602118635513988,-0.03698435277382646,0.06859664051880221,0.4889566020313943,0.034168310395051894
0-7,tgarnet,16,5,42,0.4721794871794872,0.05780189022977915,0.47289473684210526,0.05726027953292196,0.43893691493691495,0.13988984125016343,-0.05402088772845952,0.11438290369055078,0.46294736842105266,0.09679492378977392
0-7,tgarnet,17,5,42,0.51,0.028504385627478476,0.51,0.028504385627478434,0.42777777777777776,0.24985111352961623,0.019999999999999997,0.05700877125495691,0.5119999999999999,0.0987642394796821
0-7,tgarnet,18,5,42,0.5199999999999999,0.05700877125495688,0.5199999999999999,0.05700877125495688,0.5171910594901576,0.07675876260729608,0.039999999999999994,0.11401754250991385,0.5385,0.03595135602449508
0-7,tgarnet,19,5,42,0.5458128078817733,0.03659936082956985,0.48235294117647054,0.03946002313234924,0.278476695718075,0.007140117657040787,-0.03966942148760331,0.08870352307437183,0.5291478129713425,0.11591491258014101
0-7,tgarnet,20,5,42,0.6382352941176471,0.012082115239084566,0.5,0.0,0.31911764705882356,0.006041057619542283,0.0,0.0,0.5272727272727272,0.02489647988659844
0-7,tgarnet,21,5,42,0.5824358974358974,0.08560224824540524,0.5815789473684211,0.08680720989497757,0.5330958363886753,0.1755361490831016,0.16310344827586204,0.17369181503794925,0.6141052631578947,0.126365786432125
0-7,tgarnet,22,5,42,0.545,0.04472135954999579,0.545,0.04472135954999582,0.4481067821067821,0.18143979310623443,0.09,0.08944271909999157,0.5860000000000001,0.07670153192733507
0-7,tgarnet,23,5,42,0.542948717948718,0.05571025469904511,0.5436842105263159,0.05933758297624371,0.5550586654724586,0.07459309922710067,0.08652307294003485,0.11853291876128033,0.5604473684210525,0.09576035199314178
0-7,tgarnet,24,5,42,0.5324358974358974,0.059747234949871636,0.5349999999999999,0.057554322166106696,0.4793852419510314,0.14832841317036888,0.06999999999999999,0.11510864433221339,0.5548026315789474,0.043251262931298974
0-7,tgarnet,25,5,42,0.5053846153846153,0.07318031372505027,0.5071052631578947,0.06668210232201066,0.5067057942057942,0.12993417621746495,0.015494259808009624,0.13428134723961693,0.510578947368421,0.12827974322072688
0-7,tgarnet,26,5,42,0.55,0.06846531968814577,0.55,0.06846531968814576,0.49314254633947724,0.1663629675388076,0.1,0.13693063937629157,0.6125,0.07055582895835044
0-7,tgarnet,27,5,42,0.5027027027027027,0.04098851591379215,0.4850877192982456,0.033344873348681074,0.2878700128700129,0.06229251589272638,-0.03022222222222224,0.06757894331999369,0.4984365325077399,0.055364568527070196
0-7,tgarnet,28,5,42,0.6378205128205129,0.048502390866735745,0.638421052631579,0.04825916874979355,0.6421756211325804,0.049140281503427356,0.276444336643074,0.09661712110264184,0.6669736842105263,0.03635843224848765
0-7,tgarnet,30,5,42,0.5083333333333333,0.023392781412696996,0.5083333333333334,0.01863389981249828,0.3583916083916084,0.14932832485447528,0.016666666666666673,0.03726779962499651,0.5767094017094017,0.09035408068611149
0-7,tgarnet,31,5,42,0.6884615384615385,0.06734888849168255,0.6884210526315789,0.06734605919985738,0.6999007736541388,0.07507086626494312,0.3768421052631579,0.1346921183997147,0.724421052631579,0.07489816493615398
0-7,tgarnet,32,5,42,0.5,0.0,0.5,0.0,0.3,0.11180339887498948,0.0,0.0,0.5189999999999999,0.049421655172606264
0-7,tgarnet,33,5,42,0.4774358974358974,0.04364250200883375,0.47789473684210526,0.04378238809070614,0.3276240667545015,0.1109660715520776,-0.04418848167539267,0.08757207732026362,0.4528421052631579,0.1007166409239445
0-7,tgarnet,35,5,42,0.82,0.027386127875258286,0.82,0.027386127875258313,0.8226668935378049,0.028617703341969593,0.6399999999999999,0.054772255750516585,0.9040000000000001,0.021476731594914488
0-7,tgarnet,36,5,42,0.5692307692307692,0.04586806107691879,0.5697368421052632,0.04472716613627245,0.5715908122142137,0.04537524414259063,0.13941724677719938,0.0897810072409252,0.5963157894736841,0.046468051157686284
0-7,tgarnet,37,5,42,0.6950000000000001,0.0370809924354783,0.6950000000000001,0.0370809924354783,0.7009443767372157,0.03354203406971079,0.39,0.07416198487095661,0.783,0.05106368572674715
0-7,tgarnet,38,5,42,0.5236167341430499,0.032790328784933376,0.5257894736842105,0.03225160778916534,0.48973583383746727,0.13827076184199336,0.05137167242430398,0.06452179070650409,0.5700415512465373,0.05460998588387448
0-7,tgarnet,39,5,42,0.5779487179487179,0.08317736884336661,0.5781578947368421,0.08321575269049047,0.48075396825396827,0.21548295028713868,0.1562204724409449,0.16641355529806692,0.6632368421052631,0.10866906036881166
0-7,tgarnet,40,5,42,0.5,0.025000000000000022,0.5,0.025000000000000022,0.40588640749931076,0.14719567790883742,0.0,0.050000000000000044,0.5245,0.09071590268525138
0-7,tgarnet,41,5,42,0.7035897435897437,0.047454518174780004,0.703421052631579,0.047392172407900536,0.7210415432520696,0.05964283962754518,0.4069565217391304,0.09482597731389313,0.7814210526315789,0.08252331157260102
0-7,tgarnet,42,5,42,0.45999999999999996,0.0720243014544397,0.45999999999999996,0.07202430145443968,0.36116845878136206,0.12125766557911943,-0.07999999999999999,0.14404860290887936,0.458,0.05026181453151089
0-7,tgarnet,43,5,42,0.915,0.03354101966249682,0.9149999999999998,0.03354101966249683,0.9208677568524115,0.029089117653671743,0.8300000000000001,0.0670820393249937,0.983,0.007582875444051565
0-7,tgarnet,44,5,42,0.725,0.043301270189221974,0.725,0.043301270189221974,0.7346328116328115,0.04087440485728103,0.45,0.08660254037844384,0.775,0.06227459353540571
0-7,tgarnet,45,5,42,0.47000000000000003,0.0273861278752583,0.47000000000000003,0.0273861278752583,0.32881944444444444,0.07610822809827633,-0.06000000000000005,0.05477225575051666,0.46525,0.06683935966180407
0-7,tgarnet,46,5,42,0.5576923076923077,0.04633378385829522,0.5565789473684211,0.04697386849440483,0.5658815121659948,0.05836366337741503,0.11329787234042552,0.09385999658430044,0.5754736842105264,0.02904686846920052
0-7,tgarnet,47,5,42,0.624966261808367,0.09414273460371365,0.6261988304093566,0.09393427877789666,0.6308656898656898,0.0936430134644275,0.2516758323647075,0.1879353562735947,0.6636765158510312,0.06057030540346495
0-7,tgarnet,48,5,42,0.5926923076923076,0.09406775538700973,0.5902631578947368,0.09595615197835455,0.5928412873676032,0.20608956615839755,0.18078167115902968,0.19170031800265658,0.613842105263158,0.1139488270236048
0-7,tgarnet,49,5,42,0.728744939271255,0.07018841362453897,0.7287719298245613,0.07113721711766338,0.7336064593301435,0.07275039256265076,0.45686802250819014,0.14108178168991667,0.7769883040935672,0.11037583741365016
0-7,tgarnet,50,5,42,0.705,0.05419870847169699,0.705,0.05419870847169699,0.7158321551742605,0.05278575597403676,0.41,0.108397416943394,0.787,0.07987098972718443
0-7,tgarnet,51,5,42,0.535357624831309,0.10752865035027821,0.533421052631579,0.10848522628141417,0.4852374990738162,0.16735648205004908,0.06665959620142577,0.21660426891312687,0.5439058171745152,0.1059516502049529
0-7,tgarnet,52,5,42,0.51,0.013693063937629165,0.51,0.013693063937629165,0.3685970302099334,0.16257019545930415,0.020000000000000018,0.02738612787525833,0.523,0.04221966366516912
