data_fold,paradigm,window,model,method,subject,fold,percentage_removed,MoRF_score_mean,MoRF_score_std,LeRF_score_mean,LeRF_score_std,ROAD_score_gap_mean,ROAD_score_gap_std,n_samples
4.0,TDAH,TDAH,tgarnet,GradCAM++,,5,0.0,0.9556388470423208,0.10257862450086619,0.9556388470423208,0.10257862450086619,0.0,0.0,1722
4.0,TDAH,TDAH,tgarnet,GradCAM++,,5,1.0,0.9437350281227583,0.1372056637681842,0.463519005764055,0.42072038237707277,-0.4802160223587033,0.4389107459161469,1722
4.0,TDAH,TDAH,tgarnet,GradCAM++,,5,2.0,0.9305937286227309,0.16938472241266014,0.463519005764055,0.42072038237707277,-0.46707472285867596,0.4436328389756754,1722
4.0,TDAH,TDAH,tgarnet,GradCAM++,,5,5.0,0.8963054955786075,0.2296529174540713,0.46351790280121774,0.4207190071595364,-0.4327875927773897,0.45536430623769747,1722
4.0,TDAH,TDAH,tgarnet,GradCAM++,,5,10.0,0.8570132004661604,0.275452261516297,0.4634574246580747,0.420639925550472,-0.3935557758080856,0.46900986541433676,1722
4.0,TDAH,TDAH,tgarnet,GradCAM++,,5,20.0,0.7851940729526555,0.3294432285135654,0.4635904328701638,0.4206444394597339,-0.3216036400824917,0.49247085549575076,1722
4.0,TDAH,TDAH,tgarnet,GradCAM++,,5,30.0,0.6936976407488599,0.37311329017638456,0.46383304429920846,0.42056850889896663,-0.22986459644965143,0.5169939850215417,1722
4.0,TDAH,TDAH,tgarnet,GradCAM++,,5,50.0,0.5342926282592788,0.4138654048695759,0.4017117692463047,0.42237801906226,-0.13258085901297417,0.5209903713281485,1722
4.0,TDAH,TDAH,tgarnet,GradCAM++,,5,70.0,0.7621484484161236,0.384432248404583,0.3884147549281418,0.43255122434507726,-0.3737336934879818,0.7187113170795871,1722
4.0,TDAH,TDAH,tgarnet,GradCAM++,,5,90.0,0.7698115723923662,0.382103198775565,0.38845914936138987,0.4505938552690381,-0.38135242303097633,0.7343000170259755,1722
4.0,TDAH,TDAH,tgarnet,GradCAM++,,5,100.0,0.7678372643922611,0.383604342924555,0.7678372643922611,0.383604342924555,0.0,0.0,1722
4.0,TDAH,TDAH,tgarnet,IntegratedGradients,,5,0.0,0.9556388470423208,0.10257862450086619,0.9556388470423208,0.10257862450086619,0.0,0.0,1722
4.0,TDAH,TDAH,tgarnet,IntegratedGradients,,5,1.0,0.8191165792919115,0.29575394720361403,0.9913305056981232,0.02979817277141328,0.17221392640621164,0.2793590185523559,1722
4.0,TDAH,TDAH,tgarnet,IntegratedGradients,,5,2.0,0.6868961802977175,0.37347844738826774,0.9969964610644195,0.014801886331065457,0.31010028076670204,0.3688866561725513,1722
4.0,TDAH,TDAH,tgarnet,IntegratedGradients,,5,5.0,0.3666794056254686,0.38943670705647404,0.9995321654276565,0.0035997079267112283,0.6328527598021879,0.3890284738795778,1722
4.0,TDAH,TDAH,tgarnet,IntegratedGradients,,5,10.0,0.16346900216155325,0.3026999954632772,0.9998621800427653,0.0011973321529249144,0.8363931778812119,0.30263945343647647,1722
4.0,TDAH,TDAH,tgarnet,IntegratedGradients,,5,20.0,0.0740363829950444,0.20469454895001887,0.9998411508525844,0.0014691948380441094,0.9258047678575401,0.20497944768402304,1722
4.0,TDAH,TDAH,tgarnet,IntegratedGradients,,5,30.0,0.040862097659113285,0.14778991796758212,0.9996133990127174,0.0041129270840121095,0.9587513013536041,0.14852846055504426,1722
4.0,TDAH,TDAH,tgarnet,IntegratedGradients,,5,50.0,0.004990382079786759,0.04154364809012997,0.999750903432239,0.0037615893633037864,0.9947605213524524,0.04172278092005923,1722
4.0,TDAH,TDAH,tgarnet,IntegratedGradients,,5,70.0,0.0011812216152299092,0.02921479788845639,0.9999760467554772,0.00039247736677912407,0.9987948251402473,0.02921652101671044,1722
4.0,TDAH,TDAH,tgarnet,IntegratedGradients,,5,90.0,0.0018845684190015196,0.03845942017502825,0.9998226938001231,0.006642313082146021,0.9979381253811216,0.03902099986487628,1722
4.0,TDAH,TDAH,tgarnet,IntegratedGradients,,5,100.0,0.7678372643922611,0.383604342924555,0.7678372643922611,0.383604342924555,0.0,0.0,1722
4.0,TDAH,TDAH,tgarnet,KernelSHAP,,5,0.0,0.9556388470423208,0.10257862450086619,0.9556388470423208,0.10257862450086619,0.0,0.0,1722
4.0,TDAH,TDAH,tgarnet,KernelSHAP,,5,1.0,0.6843370318199962,0.339992097323847,0.6575196613594143,0.3451917822144368,-0.026817370460581785,0.29354413143747426,1722
4.0,TDAH,TDAH,tgarnet,KernelSHAP,,5,2.0,0.6843370318199962,0.339992097323847,0.6575196613594143,0.3451917822144368,-0.026817370460581785,0.29354413143747426,1722
4.0,TDAH,TDAH,tgarnet,KernelSHAP,,5,5.0,0.6843370318199962,0.339992097323847,0.6575196613594143,0.3451917822144368,-0.026817370460581785,0.29354413143747426,1722
4.0,TDAH,TDAH,tgarnet,KernelSHAP,,5,10.0,0.6843370318199962,0.339992097323847,0.6575196613594143,0.3451917822144368,-0.026817370460581785,0.29354413143747426,1722
4.0,TDAH,TDAH,tgarnet,KernelSHAP,,5,20.0,0.6843370318199962,0.339992097323847,0.6575196613594143,0.3451917822144368,-0.026817370460581785,0.29354413143747426,1722
4.0,TDAH,TDAH,tgarnet,KernelSHAP,,5,30.0,0.6843370318199962,0.339992097323847,0.6575196613594143,0.3451917822144368,-0.026817370460581785,0.29354413143747426,1722
4.0,TDAH,TDAH,tgarnet,KernelSHAP,,5,50.0,0.6843370318199962,0.339992097323847,0.6575196613594143,0.3451917822144368,-0.026817370460581785,0.29354413143747426,1722
4.0,TDAH,TDAH,tgarnet,KernelSHAP,,5,70.0,0.6843370318199962,0.339992097323847,0.6575196613594143,0.3451917822144368,-0.026817370460581785,0.29354413143747426,1722
4.0,TDAH,TDAH,tgarnet,KernelSHAP,,5,90.0,0.6843370318199962,0.339992097323847,0.6575196613594143,0.3451917822144368,-0.026817370460581785,0.29354413143747426,1722
4.0,TDAH,TDAH,tgarnet,KernelSHAP,,5,100.0,0.7678372643922611,0.383604342924555,0.7678372643922611,0.383604342924555,0.0,0.0,1722
4.0,TDAH,TDAH,tgarnet,LIME,,5,0.0,0.9556388470423208,0.10257862450086619,0.9556388470423208,0.10257862450086619,0.0,0.0,1722
4.0,TDAH,TDAH,tgarnet,LIME,,5,1.0,0.8658044884071067,0.24580964223392782,0.8623004846018073,0.24703954411861515,-0.0035040038052993857,0.3478197856565555,1722
4.0,TDAH,TDAH,tgarnet,LIME,,5,2.0,0.7152922808502012,0.3177855230193061,0.6741007718888229,0.3273325180116608,-0.04119150896137835,0.3119040750264337,1722
4.0,TDAH,TDAH,tgarnet,LIME,,5,5.0,0.7152922808502012,0.3177855230193061,0.6741007718888229,0.3273325180116608,-0.04119150896137835,0.3119040750264337,1722
4.0,TDAH,TDAH,tgarnet,LIME,,5,10.0,0.7152922808502012,0.3177855230193061,0.6741007718888229,0.3273325180116608,-0.04119150896137835,0.3119040750264337,1722
4.0,TDAH,TDAH,tgarnet,LIME,,5,20.0,0.7152922808502012,0.3177855230193061,0.6741007718888229,0.3273325180116608,-0.04119150896137835,0.3119040750264337,1722
4.0,TDAH,TDAH,tgarnet,LIME,,5,30.0,0.7152922808502012,0.3177855230193061,0.6741007718888229,0.3273325180116608,-0.04119150896137835,0.3119040750264337,1722
4.0,TDAH,TDAH,tgarnet,LIME,,5,50.0,0.7152922808502012,0.3177855230193061,0.6741007718888229,0.3273325180116608,-0.04119150896137835,0.3119040750264337,1722
4.0,TDAH,TDAH,tgarnet,LIME,,5,70.0,0.7152922808502012,0.3177855230193061,0.6741007718888229,0.3273325180116608,-0.04119150896137835,0.3119040750264337,1722
4.0,TDAH,TDAH,tgarnet,LIME,,5,90.0,0.7152922808502012,0.3177855230193061,0.6741007718888229,0.3273325180116608,-0.04119150896137835,0.3119040750264337,1722
4.0,TDAH,TDAH,tgarnet,LIME,,5,100.0,0.7678372643922611,0.383604342924555,0.7678372643922611,0.383604342924555,0.0,0.0,1722
4.0,TDAH,TDAH,tgarnet,Occlusion,,5,0.0,0.9556388470423208,0.10257862450086619,0.9556388470423208,0.10257862450086619,0.0,0.0,1722
4.0,TDAH,TDAH,tgarnet,Occlusion,,5,1.0,0.841822868853139,0.279858427292463,0.9559343191166291,0.17297860991161632,0.11411145026349002,0.3182775209797626,1722
4.0,TDAH,TDAH,tgarnet,Occlusion,,5,2.0,0.7805609293834362,0.33765994216714357,0.9599030506806563,0.17200052398524354,0.17934212129721996,0.37749701430153393,1722
4.0,TDAH,TDAH,tgarnet,Occlusion,,5,5.0,0.6423108490165471,0.4061037421453776,0.9579325329838716,0.1786173967241613,0.3156216839673245,0.4518285637622765,1722
4.0,TDAH,TDAH,tgarnet,Occlusion,,5,10.0,0.4832601267170238,0.42381710328366007,0.9546484830301125,0.1874067477689445,0.4713883563130887,0.4820881931838344,1722
4.0,TDAH,TDAH,tgarnet,Occlusion,,5,20.0,0.34363950183724523,0.39983968637529,0.9469597766215851,0.20341017059325578,0.6033202747843399,0.4710360425133598,1722
4.0,TDAH,TDAH,tgarnet,Occlusion,,5,30.0,0.3439085812415222,0.41076327793175216,0.9398798973873541,0.21390734128487707,0.5959713161458318,0.4735083665417863,1722
4.0,TDAH,TDAH,tgarnet,Occlusion,,5,50.0,0.45303487365015516,0.44261948765485365,0.8893669620110904,0.2816966362588779,0.43633208836093534,0.5150093408751397,1722
4.0,TDAH,TDAH,tgarnet,Occlusion,,5,70.0,0.524954904885819,0.45193532360406097,0.7251175405128386,0.40976811170351835,0.2001626356270196,0.6844091839007076,1722
4.0,TDAH,TDAH,tgarnet,Occlusion,,5,90.0,0.5674919775491081,0.454277752219326,0.5432451417040421,0.45868027293776287,-0.024246835845065925,0.7410781542294095,1722
4.0,TDAH,TDAH,tgarnet,Occlusion,,5,100.0,0.7678372643922611,0.383604342924555,0.7678372643922611,0.383604342924555,0.0,0.0,1722
4.0,TDAH,TDAH,tgarnet,STF-KernelSHAP,,5,0.0,0.9556388470423208,0.10257862450086619,0.9556388470423208,0.10257862450086619,0.0,0.0,1722
4.0,TDAH,TDAH,tgarnet,STF-KernelSHAP,,5,1.0,0.9359683550496204,0.14373124707332147,0.9604051588546663,0.09418144880127736,0.024436803805045825,0.08547105227503629,1722
4.0,TDAH,TDAH,tgarnet,STF-KernelSHAP,,5,2.0,0.9209294200731002,0.1733826370146276,0.9613720900990268,0.09461273394449048,0.04044267002592657,0.123436658237503,1722
4.0,TDAH,TDAH,tgarnet,STF-KernelSHAP,,5,5.0,0.8949992977473215,0.21667895153996633,0.9622438579741498,0.10147954183529108,0.06724456022682834,0.17941198159911576,1722
4.0,TDAH,TDAH,tgarnet,STF-KernelSHAP,,5,10.0,0.8518627605075936,0.2646868699081361,0.9672779902365842,0.09362305649834278,0.11541522972899057,0.23771291780666196,1722
4.0,TDAH,TDAH,tgarnet,STF-KernelSHAP,,5,20.0,0.7782755607778885,0.3250649132258126,0.9715573466899421,0.09746518638524627,0.1932817859120536,0.3130977749739197,1722
4.0,TDAH,TDAH,tgarnet,STF-KernelSHAP,,5,30.0,0.6853286792396636,0.3770882004331662,0.9796805505021005,0.08345511389127133,0.29435187126243695,0.37055765820268416,1722
4.0,TDAH,TDAH,tgarnet,STF-KernelSHAP,,5,50.0,0.5269003695246776,0.41505537398061604,0.9910458211098018,0.05063522156491435,0.46414545158512427,0.4101985370352012,1722
4.0,TDAH,TDAH,tgarnet,STF-KernelSHAP,,5,70.0,0.45997855506848245,0.4160363044471033,0.9929884918202818,0.04542473795441372,0.5330099367517993,0.41276091539977566,1722
4.0,TDAH,TDAH,tgarnet,STF-KernelSHAP,,5,90.0,0.6096377654000926,0.40914940105932646,0.978213083125547,0.09120803576048027,0.36857531772545443,0.39179607205307204,1722
4.0,TDAH,TDAH,tgarnet,STF-KernelSHAP,,5,100.0,0.8871364664759879,0.24176107696747526,0.8871364664759879,0.24176107696747526,0.0,0.0,1722
,MI,0-7,shallowconvnet,GradCAM++,12.0,5,0.0,0.9169157550615423,0.12929746467361977,0.9169157550615423,0.12929746467361977,0.0,0.0,34
,MI,0-7,shallowconvnet,GradCAM++,12.0,5,1.0,0.9153322305749444,0.1373474125238404,0.8279933486791218,0.27737033534581323,-0.08733888189582263,0.23674901260340497,34
,MI,0-7,shallowconvnet,GradCAM++,12.0,5,2.0,0.9114006038974313,0.14365797788686213,0.8279933486791218,0.27737033534581323,-0.08340725521830951,0.2322794013237956,34
,MI,0-7,shallowconvnet,GradCAM++,12.0,5,5.0,0.9016654754386229,0.1587021959925853,0.8279933486791218,0.27737033534581323,-0.07367212675950106,0.21363390285488215,34
,MI,0-7,shallowconvnet,GradCAM++,12.0,5,10.0,0.8859352929627194,0.18727666635886467,0.8279933486791218,0.27737033534581323,-0.05794194428359761,0.1964318162016362,34
,MI,0-7,shallowconvnet,GradCAM++,12.0,5,20.0,0.8640332149670404,0.21869174859801632,0.8279933486791218,0.27737033534581323,-0.03603986628791865,0.1509762182696212,34
,MI,0-7,shallowconvnet,GradCAM++,12.0,5,30.0,0.8304002992808819,0.2660452561509928,0.8279933486791218,0.27737033534581323,-0.002406950601760079,0.11752979116101424,34
,MI,0-7,shallowconvnet,GradCAM++,12.0,5,50.0,0.7427099754157311,0.36622515674167805,0.7861136952962946,0.32887090155782256,0.04340371988056337,0.14291469022311118,34
,MI,0-7,shallowconvnet,GradCAM++,12.0,5,70.0,0.5882352941959058,0.4995541683406985,0.7040991071159678,0.40423095542107756,0.11586381292006197,0.23887656257279358,34
,MI,0-7,shallowconvnet,GradCAM++,12.0,5,90.0,0.5882352941959058,0.4995541683406985,0.6222888972681029,0.47651855680912514,0.03405360307219708,0.16742930126154107,34
,MI,0-7,shallowconvnet,GradCAM++,12.0,5,100.0,0.5882352941959058,0.4995541683406985,0.5882352941959058,0.4995541683406985,0.0,0.0,34
,MI,0-7,shallowconvnet,GradCAM++,14.0,4,0.0,0.9904037982225418,0.024690078617475984,0.9904037982225418,0.024690078617475984,0.0,0.0,40
,MI,0-7,shallowconvnet,GradCAM++,14.0,4,1.0,0.9874163150787354,0.03250673624861972,0.9514973752200604,0.09850829674207474,-0.035918939858675,0.07517502666951602,40
,MI,0-7,shallowconvnet,GradCAM++,14.0,4,2.0,0.9894195050001144,0.022105311270563623,0.9514973752200604,0.09850829674207474,-0.03792212978005409,0.08625435938872825,40
,MI,0-7,shallowconvnet,GradCAM++,14.0,4,5.0,0.9860630169510841,0.024821316649605678,0.9514973752200604,0.09850829674207474,-0.03456564173102379,0.08260166654938368,40
,MI,0-7,shallowconvnet,GradCAM++,14.0,4,10.0,0.97930096834898,0.03336193849092891,0.9514973752200604,0.09850829674207474,-0.027803593128919602,0.08710530092789279,40
,MI,0-7,shallowconvnet,GradCAM++,14.0,4,20.0,0.9636351063847541,0.05500481653658767,0.9514973752200604,0.09850829674207474,-0.012137731164693832,0.08461550590672999,40
,MI,0-7,shallowconvnet,GradCAM++,14.0,4,30.0,0.9475457116961479,0.07328654284999431,0.9514973752200604,0.09850829674207474,0.00395166352391243,0.07660706102575986,40
,MI,0-7,shallowconvnet,GradCAM++,14.0,4,50.0,0.9264851108193397,0.11048826170102523,0.9419276922941208,0.10680176146575436,0.015442581474781036,0.10383702788169565,40
,MI,0-7,shallowconvnet,GradCAM++,14.0,4,70.0,0.5,0.5063696835418332,0.9360450759530068,0.1131687819615089,0.43604507595300673,0.5107246919829673,40
,MI,0-7,shallowconvnet,GradCAM++,14.0,4,90.0,0.5,0.5063696835418332,0.9137660689651966,0.15965085481273106,0.41376606896519663,0.4839508256859943,40
,MI,0-7,shallowconvnet,GradCAM++,14.0,4,100.0,0.5,0.5063696835418332,0.5,0.5063696835418332,0.0,0.0,40
,MI,0-7,shallowconvnet,IntegratedGradients,12.0,5,0.0,0.9169157550615423,0.12929746467361977,0.9169157550615423,0.12929746467361977,0.0,0.0,34
,MI,0-7,shallowconvnet,IntegratedGradients,12.0,5,1.0,0.5066961247254821,0.35572553078846286,0.995165674125447,0.01019428377797073,0.48846954939996495,0.3507531863684858,34
,MI,0-7,shallowconvnet,IntegratedGradients,12.0,5,2.0,0.27211770424893233,0.3427399992362933,0.9991472205694985,0.0016445742620551822,0.727029516320566,0.34219241710522685,34
,MI,0-7,shallowconvnet,IntegratedGradients,12.0,5,5.0,0.03045299969455621,0.0709294703852635,0.9999521357171676,9.142299162289905e-05,0.9694991360226114,0.07091160744651633,34
,MI,0-7,shallowconvnet,IntegratedGradients,12.0,5,10.0,0.0008586786714078819,0.002172992050926358,0.9999919603852665,2.309936633026552e-05,0.9991332817138586,0.0021703785664800297,34
,MI,0-7,shallowconvnet,IntegratedGradients,12.0,5,20.0,5.440517756470071e-05,0.00017250406723525689,0.999995066839106,1.7757638109030967e-05,0.9999406616615413,0.00017197504925958943,34
,MI,0-7,shallowconvnet,IntegratedGradients,12.0,5,30.0,3.3822066955098674e-05,0.00011911575000744568,0.9999938116354101,2.0632744713028764e-05,0.9999599895684551,0.00011936567799294906,34
,MI,0-7,shallowconvnet,IntegratedGradients,12.0,5,50.0,4.96538622989667e-05,0.00018909725327026597,0.9999855353551752,4.9084224492732366e-05,0.9999358814928764,0.0001925092911699118,34
,MI,0-7,shallowconvnet,IntegratedGradients,12.0,5,70.0,8.763605800507339e-05,0.0003313443911275331,0.999970464145436,0.00010264554313440943,0.9998828280874309,0.0003422023805580672,34
,MI,0-7,shallowconvnet,IntegratedGradients,12.0,5,90.0,0.00037935124836947613,0.0014129877860629392,0.999959013041328,0.0001649039730400367,0.9995796617929585,0.0014190038035698373,34
,MI,0-7,shallowconvnet,IntegratedGradients,12.0,5,100.0,0.5882352941959058,0.4995541683406985,0.5882352941959058,0.4995541683406985,0.0,0.0,34
,MI,0-7,shallowconvnet,IntegratedGradients,14.0,4,0.0,0.9904037982225418,0.024690078617475984,0.9904037982225418,0.024690078617475984,0.0,0.0,40
,MI,0-7,shallowconvnet,IntegratedGradients,14.0,4,1.0,0.495660377270292,0.5003815282743412,0.5342287494488118,0.49026427043283144,0.0385683721785199,0.13570391722404804,40
,MI,0-7,shallowconvnet,IntegratedGradients,14.0,4,2.0,0.4956920474777945,0.501991429277983,0.5138231190539955,0.49648717796749375,0.018131071576200954,0.06502139427487331,40
,MI,0-7,shallowconvnet,IntegratedGradients,14.0,4,5.0,0.49524407883956273,0.5015871109136535,0.5033508001737573,0.5030944815930805,0.00810672133419459,0.012901988166951763,40
,MI,0-7,shallowconvnet,IntegratedGradients,14.0,4,10.0,0.49520489581877386,0.5015360925504309,0.5018932149721878,0.5044615611421618,0.006688319153413858,0.006725037430360068,40
,MI,0-7,shallowconvnet,IntegratedGradients,14.0,4,20.0,0.49630823225412846,0.5026423241146285,0.5012042760259646,0.5051512448514505,0.004896043771836211,0.004618359857126893,40
,MI,0-7,shallowconvnet,IntegratedGradients,14.0,4,30.0,0.49709966748661555,0.5034391385319817,0.5009006170121211,0.5054578480421692,0.003800949525505537,0.003647255029669542,40
,MI,0-7,shallowconvnet,IntegratedGradients,14.0,4,50.0,0.4974606866386052,0.5038041444085044,0.5007275187592313,0.5056325398621048,0.003266832120626084,0.0034014024508689207,40
,MI,0-7,shallowconvnet,IntegratedGradients,14.0,4,70.0,0.49751461744759806,0.5038583432248608,0.5007102888411282,0.5056500747292885,0.0031956713935301197,0.0033014677131395264,40
,MI,0-7,shallowconvnet,IntegratedGradients,14.0,4,90.0,0.49397005472365213,0.5003179630131304,0.5018721437334535,0.5044817723203078,0.007902089009801294,0.009056851398143042,40
,MI,0-7,shallowconvnet,IntegratedGradients,14.0,4,100.0,0.5,0.5063696835418332,0.5,0.5063696835418332,0.0,0.0,40
,MI,0-7,shallowconvnet,KernelSHAP,12.0,5,0.0,0.9169157550615423,0.12929746467361977,0.9169157550615423,0.12929746467361977,0.0,0.0,34
,MI,0-7,shallowconvnet,KernelSHAP,12.0,5,1.0,0.5882352947216479,0.49955416770286654,0.5882352944309948,0.4995541680554879,-2.906531559549877e-10,1.1255510303030353e-09,34
,MI,0-7,shallowconvnet,KernelSHAP,12.0,5,2.0,0.5882352947216479,0.49955416770286654,0.5882352944309948,0.4995541680554879,-2.906531559549877e-10,1.1255510303030353e-09,34
,MI,0-7,shallowconvnet,KernelSHAP,12.0,5,5.0,0.5882352947216479,0.49955416770286654,0.5882352944309948,0.4995541680554879,-2.906531559549877e-10,1.1255510303030353e-09,34
,MI,0-7,shallowconvnet,KernelSHAP,12.0,5,10.0,0.5882352947216479,0.49955416770286654,0.5882352944309948,0.4995541680554879,-2.906531559549877e-10,1.1255510303030353e-09,34
,MI,0-7,shallowconvnet,KernelSHAP,12.0,5,20.0,0.5882352947216479,0.49955416770286654,0.5882352944309948,0.4995541680554879,-2.906531559549877e-10,1.1255510303030353e-09,34
,MI,0-7,shallowconvnet,KernelSHAP,12.0,5,30.0,0.5882352947216479,0.49955416770286654,0.5882352944309948,0.4995541680554879,-2.906531559549877e-10,1.1255510303030353e-09,34
,MI,0-7,shallowconvnet,KernelSHAP,12.0,5,50.0,0.5882352947216479,0.49955416770286654,0.5882352944309948,0.4995541680554879,-2.906531559549877e-10,1.1255510303030353e-09,34
,MI,0-7,shallowconvnet,KernelSHAP,12.0,5,70.0,0.5882352947216479,0.49955416770286654,0.5882352944309948,0.4995541680554879,-2.906531559549877e-10,1.1255510303030353e-09,34
,MI,0-7,shallowconvnet,KernelSHAP,12.0,5,90.0,0.5882352947216479,0.49955416770286654,0.5882352944309948,0.4995541680554879,-2.906531559549877e-10,1.1255510303030353e-09,34
,MI,0-7,shallowconvnet,KernelSHAP,12.0,5,100.0,0.5882352941959058,0.4995541683406985,0.5882352941959058,0.4995541683406985,0.0,0.0,34
,MI,0-7,shallowconvnet,KernelSHAP,14.0,4,0.0,0.9904037982225418,0.024690078617475984,0.9904037982225418,0.024690078617475984,0.0,0.0,40
,MI,0-7,shallowconvnet,KernelSHAP,14.0,4,1.0,0.49998290162200415,0.506346670861885,0.4999979139256796,0.5062207763241123,1.5012303675465689e-05,0.0005421912595731347,40
,MI,0-7,shallowconvnet,KernelSHAP,14.0,4,2.0,0.49998290162200415,0.506346670861885,0.4999979139256796,0.5062207763241123,1.5012303675465689e-05,0.0005421912595731347,40
,MI,0-7,shallowconvnet,KernelSHAP,14.0,4,5.0,0.49998290162200415,0.506346670861885,0.4999979139256796,0.5062207763241123,1.5012303675465689e-05,0.0005421912595731347,40
,MI,0-7,shallowconvnet,KernelSHAP,14.0,4,10.0,0.49998290162200415,0.506346670861885,0.4999979139256796,0.5062207763241123,1.5012303675465689e-05,0.0005421912595731347,40
,MI,0-7,shallowconvnet,KernelSHAP,14.0,4,20.0,0.49998290162200415,0.506346670861885,0.4999979139256796,0.5062207763241123,1.5012303675465689e-05,0.0005421912595731347,40
,MI,0-7,shallowconvnet,KernelSHAP,14.0,4,30.0,0.49998290162200415,0.506346670861885,0.4999979139256796,0.5062207763241123,1.5012303675465689e-05,0.0005421912595731347,40
,MI,0-7,shallowconvnet,KernelSHAP,14.0,4,50.0,0.49998290162200415,0.506346670861885,0.4999979139256796,0.5062207763241123,1.5012303675465689e-05,0.0005421912595731347,40
,MI,0-7,shallowconvnet,KernelSHAP,14.0,4,70.0,0.49998290162200415,0.506346670861885,0.4999979139256796,0.5062207763241123,1.5012303675465689e-05,0.0005421912595731347,40
,MI,0-7,shallowconvnet,KernelSHAP,14.0,4,90.0,0.49998290162200415,0.506346670861885,0.4999979139256796,0.5062207763241123,1.5012303675465689e-05,0.0005421912595731347,40
,MI,0-7,shallowconvnet,KernelSHAP,14.0,4,100.0,0.5,0.5063696835418332,0.5,0.5063696835418332,0.0,0.0,40
,MI,0-7,shallowconvnet,LIME,12.0,5,0.0,0.9169157550615423,0.12929746467361977,0.9169157550615423,0.12929746467361977,0.0,0.0,34
,MI,0-7,shallowconvnet,LIME,12.0,5,1.0,0.5978434399054082,0.490956848827638,0.6095844993045225,0.4890199415487314,0.011741059399114281,0.068403336847645,34
,MI,0-7,shallowconvnet,LIME,12.0,5,2.0,0.5978434399054082,0.490956848827638,0.6095844993045225,0.4890199415487314,0.011741059399114281,0.068403336847645,34
,MI,0-7,shallowconvnet,LIME,12.0,5,5.0,0.5978434399054082,0.490956848827638,0.6095844993045225,0.4890199415487314,0.011741059399114281,0.068403336847645,34
,MI,0-7,shallowconvnet,LIME,12.0,5,10.0,0.5978434399054082,0.490956848827638,0.6095844993045225,0.4890199415487314,0.011741059399114281,0.068403336847645,34
,MI,0-7,shallowconvnet,LIME,12.0,5,20.0,0.5978434399054082,0.490956848827638,0.6095844993045225,0.4890199415487314,0.011741059399114281,0.068403336847645,34
,MI,0-7,shallowconvnet,LIME,12.0,5,30.0,0.5978434399054082,0.490956848827638,0.6095844993045225,0.4890199415487314,0.011741059399114281,0.068403336847645,34
,MI,0-7,shallowconvnet,LIME,12.0,5,50.0,0.5978434399054082,0.490956848827638,0.6095844993045225,0.4890199415487314,0.011741059399114281,0.068403336847645,34
,MI,0-7,shallowconvnet,LIME,12.0,5,70.0,0.5978434399054082,0.490956848827638,0.6095844993045225,0.4890199415487314,0.011741059399114281,0.068403336847645,34
,MI,0-7,shallowconvnet,LIME,12.0,5,90.0,0.5978434399054082,0.490956848827638,0.6095844993045225,0.4890199415487314,0.011741059399114281,0.068403336847645,34
,MI,0-7,shallowconvnet,LIME,12.0,5,100.0,0.5882352941959058,0.4995541683406985,0.5882352941959058,0.4995541683406985,0.0,0.0,34
,MI,0-7,shallowconvnet,LIME,14.0,4,0.0,0.9904037982225418,0.024690078617475984,0.9904037982225418,0.024690078617475984,0.0,0.0,40
,MI,0-7,shallowconvnet,LIME,14.0,4,1.0,0.5028227068168205,0.5037086694959773,0.5103654680570369,0.49899079684099984,0.007542761240216368,0.05820647112872889,40
,MI,0-7,shallowconvnet,LIME,14.0,4,2.0,0.5028227068168205,0.5037086694959773,0.5103654680570369,0.49899079684099984,0.007542761240216368,0.05820647112872889,40
,MI,0-7,shallowconvnet,LIME,14.0,4,5.0,0.5028227068168205,0.5037086694959773,0.5103654680570369,0.49899079684099984,0.007542761240216368,0.05820647112872889,40
,MI,0-7,shallowconvnet,LIME,14.0,4,10.0,0.5028227068168205,0.5037086694959773,0.5103654680570369,0.49899079684099984,0.007542761240216368,0.05820647112872889,40
,MI,0-7,shallowconvnet,LIME,14.0,4,20.0,0.5028227068168205,0.5037086694959773,0.5103654680570369,0.49899079684099984,0.007542761240216368,0.05820647112872889,40
,MI,0-7,shallowconvnet,LIME,14.0,4,30.0,0.5028227068168205,0.5037086694959773,0.5103654680570369,0.49899079684099984,0.007542761240216368,0.05820647112872889,40
,MI,0-7,shallowconvnet,LIME,14.0,4,50.0,0.5028227068168205,0.5037086694959773,0.5103654680570369,0.49899079684099984,0.007542761240216368,0.05820647112872889,40
,MI,0-7,shallowconvnet,LIME,14.0,4,70.0,0.5028227068168205,0.5037086694959773,0.5103654680570369,0.49899079684099984,0.007542761240216368,0.05820647112872889,40
,MI,0-7,shallowconvnet,LIME,14.0,4,90.0,0.5028227068168205,0.5037086694959773,0.5103654680570369,0.49899079684099984,0.007542761240216368,0.05820647112872889,40
,MI,0-7,shallowconvnet,LIME,14.0,4,100.0,0.5,0.5063696835418332,0.5,0.5063696835418332,0.0,0.0,40
,MI,0-7,shallowconvnet,Occlusion,12.0,5,0.0,0.9169157550615423,0.12929746467361977,0.9169157550615423,0.12929746467361977,0.0,0.0,34
,MI,0-7,shallowconvnet,Occlusion,12.0,5,1.0,0.7929380264352349,0.25116379229497166,0.9735850043156568,0.04447371095248911,0.1806469778804218,0.21086239402025345,34
,MI,0-7,shallowconvnet,Occlusion,12.0,5,2.0,0.6706288871081436,0.3136841835915798,0.9872118164511288,0.02336546439459844,0.31658292934298515,0.29579071782561106,34
,MI,0-7,shallowconvnet,Occlusion,12.0,5,5.0,0.41462708668790155,0.3760536640129976,0.9972197203075185,0.005864871082376238,0.5825926336196169,0.373405318424735,34
,MI,0-7,shallowconvnet,Occlusion,12.0,5,10.0,0.2025868042054593,0.30818921325497617,0.9994562794180477,0.0013906297198373577,0.7968694752125884,0.3078337031055412,34
,MI,0-7,shallowconvnet,Occlusion,12.0,5,20.0,0.05202849883571821,0.15594335543300866,0.9999586045742035,0.00010810896582293414,0.9479301057384852,0.15592924564474728,34
,MI,0-7,shallowconvnet,Occlusion,12.0,5,30.0,0.014228707131917909,0.06088504401835796,0.9999910873525283,2.7873260921070088e-05,0.9857623802206104,0.060882908715282215,34
,MI,0-7,shallowconvnet,Occlusion,12.0,5,50.0,0.0007973687020507371,0.0030206737957281936,0.999997780603521,1.0604532250060076e-05,0.9992004119014704,0.0030200893196383823,34
,MI,0-7,shallowconvnet,Occlusion,12.0,5,70.0,0.00020976689854669973,0.0011042263677623501,0.9999996669152204,1.2184535350423444e-06,0.9997899000166736,0.00110416207152979,34
,MI,0-7,shallowconvnet,Occlusion,12.0,5,90.0,0.0009585166822450868,0.0032691804065847836,0.9999906911569483,2.936937930867887e-05,0.9990321744747033,0.0032664995326198857,34
,MI,0-7,shallowconvnet,Occlusion,12.0,5,100.0,0.5882352941959058,0.4995541683406985,0.5882352941959058,0.4995541683406985,0.0,0.0,34
,MI,0-7,shallowconvnet,Occlusion,14.0,4,0.0,0.9904037982225418,0.024690078617475984,0.9904037982225418,0.024690078617475984,0.0,0.0,40
,MI,0-7,shallowconvnet,Occlusion,14.0,4,1.0,0.4444807131741072,0.45289915014368687,0.9991709917783738,0.001913710371486786,0.5546902786042665,0.45231982610355553,40
,MI,0-7,shallowconvnet,Occlusion,14.0,4,2.0,0.4780573331473647,0.4701186475737677,0.9988829627633095,0.0027452312539790824,0.5208256296159448,0.469533642808164,40
,MI,0-7,shallowconvnet,Occlusion,14.0,4,5.0,0.5491325584531296,0.41413646321763836,0.9786836206912994,0.0859785594280792,0.42955106223816986,0.4307755497403658,40
,MI,0-7,shallowconvnet,Occlusion,14.0,4,10.0,0.7496700653340668,0.3029179767992306,0.9439824977889657,0.19807819924756406,0.19431243245489896,0.26951710699335474,40
,MI,0-7,shallowconvnet,Occlusion,14.0,4,20.0,0.7503988261858467,0.3294614614743013,0.9483880586922169,0.17291029065847013,0.19798923250637018,0.26235632466169134,40
,MI,0-7,shallowconvnet,Occlusion,14.0,4,30.0,0.7686348813585937,0.33803205753173576,0.9449012719094754,0.1820332077650772,0.1762663905508816,0.259713023308767,40
,MI,0-7,shallowconvnet,Occlusion,14.0,4,50.0,0.7906800582306459,0.3454274908503603,0.9645928278565407,0.12448829833958402,0.17391276962589472,0.2904436338777803,40
,MI,0-7,shallowconvnet,Occlusion,14.0,4,70.0,0.8500847594346851,0.29305707759462457,0.940785039961338,0.18218167295542956,0.09070028052665294,0.23565962024288917,40
,MI,0-7,shallowconvnet,Occlusion,14.0,4,90.0,0.9859994277358055,0.04187709851356763,0.4681682366734094,0.4374616148202684,-0.5178311910623961,0.43220003385174205,40
,MI,0-7,shallowconvnet,Occlusion,14.0,4,100.0,0.5,0.5063696835418332,0.5,0.5063696835418332,0.0,0.0,40
,MI,0-7,shallowconvnet,STF-KernelSHAP,12.0,5,0.0,0.9169157550615423,0.12929746467361977,0.9169157550615423,0.12929746467361977,0.0,0.0,34
,MI,0-7,shallowconvnet,STF-KernelSHAP,12.0,5,1.0,0.8795972812701675,0.20518519784444908,0.9326929993489209,0.11264496097044752,0.053095718078753525,0.09799823096253756,34
,MI,0-7,shallowconvnet,STF-KernelSHAP,12.0,5,2.0,0.845273953917272,0.2395744505229187,0.9341696220285752,0.12237818928898055,0.08889566811130327,0.13032802489038378,34
,MI,0-7,shallowconvnet,STF-KernelSHAP,12.0,5,5.0,0.798915788093034,0.29218110334218816,0.9391838154372047,0.12584887700808453,0.14026802734417074,0.19772583061425353,34
,MI,0-7,shallowconvnet,STF-KernelSHAP,12.0,5,10.0,0.478995446985063,0.4460647582541902,0.9159373334466369,0.204688621203472,0.43694188646157384,0.40087133418574317,34
,MI,0-7,shallowconvnet,STF-KernelSHAP,12.0,5,20.0,0.478995446985063,0.4460647582541902,0.9159373334466369,0.204688621203472,0.43694188646157384,0.40087133418574317,34
,MI,0-7,shallowconvnet,STF-KernelSHAP,12.0,5,30.0,0.478995446985063,0.4460647582541902,0.9159373334466369,0.204688621203472,0.43694188646157384,0.40087133418574317,34
,MI,0-7,shallowconvnet,STF-KernelSHAP,12.0,5,50.0,0.478995446985063,0.4460647582541902,0.9159373334466369,0.204688621203472,0.43694188646157384,0.40087133418574317,34
,MI,0-7,shallowconvnet,STF-KernelSHAP,12.0,5,70.0,0.478995446985063,0.4460647582541902,0.9159373334466369,0.204688621203472,0.43694188646157384,0.40087133418574317,34
,MI,0-7,shallowconvnet,STF-KernelSHAP,12.0,5,90.0,0.478995446985063,0.4460647582541902,0.9159373334466369,0.204688621203472,0.43694188646157384,0.40087133418574317,34
,MI,0-7,shallowconvnet,STF-KernelSHAP,12.0,5,100.0,0.588234968274436,0.49955277040776697,0.588234968274436,0.49955277040776697,0.0,0.0,34
,MI,0-7,shallowconvnet,STF-KernelSHAP,14.0,4,0.0,0.9904037982225418,0.024690078617475984,0.9904037982225418,0.024690078617475984,0.0,0.0,40
,MI,0-7,shallowconvnet,STF-KernelSHAP,14.0,4,1.0,0.9732316933572293,0.09985541342085318,0.9625142030417919,0.11876309582223135,-0.010717490315437317,0.15654312562729222,40
,MI,0-7,shallowconvnet,STF-KernelSHAP,14.0,4,2.0,0.9638370266184211,0.14231384622417512,0.8962308403104544,0.2134443454552967,-0.0676061863079667,0.259105722852011,40
,MI,0-7,shallowconvnet,STF-KernelSHAP,14.0,4,5.0,0.8976073771715164,0.22374727818912468,0.7866064026020467,0.3406807073312734,-0.1110009745694697,0.3669739503759713,40
,MI,0-7,shallowconvnet,STF-KernelSHAP,14.0,4,10.0,0.28377390706871103,0.37918987711059926,0.8829403022071347,0.268767478719516,0.5991663951384236,0.43207580708769905,40
,MI,0-7,shallowconvnet,STF-KernelSHAP,14.0,4,20.0,0.28377390706871103,0.37918987711059926,0.8829403022071347,0.268767478719516,0.5991663951384236,0.43207580708769905,40
,MI,0-7,shallowconvnet,STF-KernelSHAP,14.0,4,30.0,0.28377390706871103,0.37918987711059926,0.8829403022071347,0.268767478719516,0.5991663951384236,0.43207580708769905,40
,MI,0-7,shallowconvnet,STF-KernelSHAP,14.0,4,50.0,0.28377390706871103,0.37918987711059926,0.8829403022071347,0.268767478719516,0.5991663951384236,0.43207580708769905,40
,MI,0-7,shallowconvnet,STF-KernelSHAP,14.0,4,70.0,0.28377390706871103,0.37918987711059926,0.8829403022071347,0.268767478719516,0.5991663951384236,0.43207580708769905,40
,MI,0-7,shallowconvnet,STF-KernelSHAP,14.0,4,90.0,0.28377390706871103,0.37918987711059926,0.8829403022071347,0.268767478719516,0.5991663951384236,0.43207580708769905,40
,MI,0-7,shallowconvnet,STF-KernelSHAP,14.0,4,100.0,0.5000009426019565,0.506367406978858,0.5000009426019565,0.506367406978858,0.0,0.0,40
,MI,2.5-5,shallowconvnet,GradCAM++,12.0,3,0.0,0.9069448573248727,0.13390001323441755,0.9069448573248727,0.13390001323441755,0.0,0.0,35
,MI,2.5-5,shallowconvnet,GradCAM++,12.0,3,1.0,0.9132596526827131,0.13031116988766195,0.8943349346518517,0.25626369820332107,-0.018924718030861445,0.21715414241373251,35
,MI,2.5-5,shallowconvnet,GradCAM++,12.0,3,2.0,0.9163654037884303,0.13028610195146023,0.8943349346518517,0.25626369820332107,-0.022030469136578697,0.20242565315325675,35
,MI,2.5-5,shallowconvnet,GradCAM++,12.0,3,5.0,0.9204530588218144,0.13181912772502247,0.8943349346518517,0.25626369820332107,-0.026118124169962748,0.1708309904400704,35
,MI,2.5-5,shallowconvnet,GradCAM++,12.0,3,10.0,0.9194112241268158,0.15863107127676324,0.8943349346518517,0.25626369820332107,-0.025076289474964143,0.11794847972122253,35
,MI,2.5-5,shallowconvnet,GradCAM++,12.0,3,20.0,0.9025490901299885,0.21935694125323216,0.8943349346518517,0.25626369820332107,-0.00821415547813688,0.04923973951189273,35
,MI,2.5-5,shallowconvnet,GradCAM++,12.0,3,30.0,0.8826709683452334,0.2579483293858794,0.8943349346518517,0.25626369820332107,0.011663966306618282,0.04960098182723854,35
,MI,2.5-5,shallowconvnet,GradCAM++,12.0,3,50.0,0.824445983714291,0.3300615215399683,0.8778142304292746,0.2746584821579331,0.05336824671498367,0.12736778514794714,35
,MI,2.5-5,shallowconvnet,GradCAM++,12.0,3,70.0,0.7142857142857143,0.4583492485141057,0.8140116168086284,0.34440917620460554,0.0997259025229141,0.2358770391828459,35
,MI,2.5-5,shallowconvnet,GradCAM++,12.0,3,90.0,0.7142857142857143,0.4583492485141057,0.7359174274262142,0.4314833797924027,0.021631713140499997,0.08893931656210105,35
,MI,2.5-5,shallowconvnet,GradCAM++,12.0,3,100.0,0.7142857142857143,0.4583492485141057,0.7142857142857143,0.4583492485141057,0.0,0.0,35
,MI,2.5-5,shallowconvnet,GradCAM++,43.0,1,0.0,0.9953305140137673,0.00857209449847356,0.9953305140137673,0.00857209449847356,0.0,0.0,40
,MI,2.5-5,shallowconvnet,GradCAM++,43.0,1,1.0,0.9949548110365868,0.008319575271351609,0.946547408401966,0.08236579914853055,-0.048407402634620664,0.07704970282530979,40
,MI,2.5-5,shallowconvnet,GradCAM++,43.0,1,2.0,0.9937954559922219,0.011903751902871263,0.946547408401966,0.08236579914853055,-0.047248047590255735,0.07459439130953847,40
,MI,2.5-5,shallowconvnet,GradCAM++,43.0,1,5.0,0.9916279926896095,0.013519406371730446,0.946547408401966,0.08236579914853055,-0.04508058428764343,0.07238286094969323,40
,MI,2.5-5,shallowconvnet,GradCAM++,43.0,1,10.0,0.9871210709214211,0.019583676648308564,0.946547408401966,0.08236579914853055,-0.040573662519454955,0.06777324500368397,40
,MI,2.5-5,shallowconvnet,GradCAM++,43.0,1,20.0,0.9808739840984344,0.025589809928361542,0.946547408401966,0.08236579914853055,-0.03432657569646835,0.06815234432259182,40
,MI,2.5-5,shallowconvnet,GradCAM++,43.0,1,30.0,0.9585342943668366,0.059771824019741876,0.946547408401966,0.08236579914853055,-0.011986885964870454,0.07390521745392692,40
,MI,2.5-5,shallowconvnet,GradCAM++,43.0,1,50.0,0.8964050561189651,0.15251461273034622,0.9267529800534249,0.11319002454853594,0.030347923934459686,0.15749207684436367,40
,MI,2.5-5,shallowconvnet,GradCAM++,43.0,1,70.0,0.4999999867686711,0.5063566583241523,0.848021674156189,0.21494707012260597,0.3480216873875179,0.38966591460513483,40
,MI,2.5-5,shallowconvnet,GradCAM++,43.0,1,90.0,0.4999999867686711,0.5063566583241523,0.6722010417375713,0.37693019990312265,0.17220105496890029,0.2523678322253327,40
,MI,2.5-5,shallowconvnet,GradCAM++,43.0,1,100.0,0.4999999867686711,0.5063566583241523,0.4999999867686711,0.5063566583241523,0.0,0.0,40
,MI,2.5-5,shallowconvnet,IntegratedGradients,12.0,3,0.0,0.9069448573248727,0.13390001323441755,0.9069448573248727,0.13390001323441755,0.0,0.0,35
,MI,2.5-5,shallowconvnet,IntegratedGradients,12.0,3,1.0,0.7651704979794366,0.266152426196462,0.9786474568503244,0.042438886169544686,0.21347695887088775,0.23112742144313364,35
,MI,2.5-5,shallowconvnet,IntegratedGradients,12.0,3,2.0,0.651962218114308,0.3288424854817569,0.9916903359549386,0.020176334159485776,0.3397281178406307,0.3159829240927633,35
,MI,2.5-5,shallowconvnet,IntegratedGradients,12.0,3,5.0,0.4081475106866232,0.3613169955022287,0.9984672171728951,0.004732767301046831,0.590319706486272,0.3596577430230921,35
,MI,2.5-5,shallowconvnet,IntegratedGradients,12.0,3,10.0,0.22719576671708117,0.3256676412640495,0.9996485642024449,0.0012112434851928406,0.7724527974853638,0.3254213463345985,35
,MI,2.5-5,shallowconvnet,IntegratedGradients,12.0,3,20.0,0.1298234927091601,0.27055847131657434,0.9999097687857491,0.00036893439591795864,0.8700862760765891,0.2705143264651245,35
,MI,2.5-5,shallowconvnet,IntegratedGradients,12.0,3,30.0,0.10422625395588422,0.2491339303083241,0.9999455451965332,0.0002390403791915897,0.895719291240649,0.24911064826086785,35
,MI,2.5-5,shallowconvnet,IntegratedGradients,12.0,3,50.0,0.09241614820567605,0.2373937676824121,0.9999580144882202,0.0001885020826687091,0.9075418662825442,0.23737704427372508,35
,MI,2.5-5,shallowconvnet,IntegratedGradients,12.0,3,70.0,0.08336920038508318,0.22702163975078352,0.9999655655452183,0.00016572814005897407,0.9165963651601351,0.22700868843897853,35
,MI,2.5-5,shallowconvnet,IntegratedGradients,12.0,3,90.0,0.09224116825285063,0.255640741471514,0.9997255052839007,0.0015577290615735346,0.90748433703105,0.2555435117610858,35
,MI,2.5-5,shallowconvnet,IntegratedGradients,12.0,3,100.0,0.7142857142857143,0.4583492485141057,0.7142857142857143,0.4583492485141057,0.0,0.0,35
,MI,2.5-5,shallowconvnet,IntegratedGradients,43.0,1,0.0,0.9953305140137673,0.00857209449847356,0.9953305140137673,0.00857209449847356,0.0,0.0,40
,MI,2.5-5,shallowconvnet,IntegratedGradients,43.0,1,1.0,0.38860790049657223,0.30200182475078025,0.9941393911838532,0.011396666135312341,0.6055314906872808,0.2969992104490301,40
,MI,2.5-5,shallowconvnet,IntegratedGradients,43.0,1,2.0,0.10978569049621001,0.1406299304662575,0.9839996606111526,0.028110574469217713,0.8742139701149426,0.13369128084010648,40
,MI,2.5-5,shallowconvnet,IntegratedGradients,43.0,1,5.0,0.024507251495379023,0.03344788690334163,0.9475685834884644,0.06642918737371294,0.9230613319930854,0.06806594798429727,40
,MI,2.5-5,shallowconvnet,IntegratedGradients,43.0,1,10.0,0.06585338630102341,0.11422158156152433,0.8186885852366685,0.20461824211070484,0.7528351989356452,0.18967831768146942,40
,MI,2.5-5,shallowconvnet,IntegratedGradients,43.0,1,20.0,0.19959193532704375,0.2689092799596332,0.6372525333426893,0.35629316817193524,0.4376605980156455,0.24646071526908683,40
,MI,2.5-5,shallowconvnet,IntegratedGradients,43.0,1,30.0,0.27013198628192187,0.3303628172392029,0.5818014740245416,0.4057604351811353,0.3116694877426198,0.23036975873347112,40
,MI,2.5-5,shallowconvnet,IntegratedGradients,43.0,1,50.0,0.29746196736814456,0.3516272765559254,0.5653351540444419,0.419709737722065,0.26787318667629734,0.21572676239561533,40
,MI,2.5-5,shallowconvnet,IntegratedGradients,43.0,1,70.0,0.28554852381748785,0.34239484113719565,0.5761642629746347,0.4047398276255607,0.2906157391571469,0.21549543591507928,40
,MI,2.5-5,shallowconvnet,IntegratedGradients,43.0,1,90.0,0.12133575369225583,0.20073831816786128,0.709423778951168,0.2475578605998548,0.5880880252589122,0.22343541404334966,40
,MI,2.5-5,shallowconvnet,IntegratedGradients,43.0,1,100.0,0.4999999867686711,0.5063566583241523,0.4999999867686711,0.5063566583241523,0.0,0.0,40
,MI,2.5-5,shallowconvnet,KernelSHAP,12.0,3,0.0,0.9069448573248727,0.13390001323441755,0.9069448573248727,0.13390001323441755,0.0,0.0,35
,MI,2.5-5,shallowconvnet,KernelSHAP,12.0,3,1.0,0.7142857142857191,0.4583492485140979,0.7142857142857187,0.4583492485140986,-3.798558281386053e-16,2.3507062992909716e-14,35
,MI,2.5-5,shallowconvnet,KernelSHAP,12.0,3,2.0,0.7142857142857191,0.4583492485140979,0.7142857142857187,0.4583492485140986,-3.798558281386053e-16,2.3507062992909716e-14,35
,MI,2.5-5,shallowconvnet,KernelSHAP,12.0,3,5.0,0.7142857142857191,0.4583492485140979,0.7142857142857187,0.4583492485140986,-3.798558281386053e-16,2.3507062992909716e-14,35
,MI,2.5-5,shallowconvnet,KernelSHAP,12.0,3,10.0,0.7142857142857191,0.4583492485140979,0.7142857142857187,0.4583492485140986,-3.798558281386053e-16,2.3507062992909716e-14,35
,MI,2.5-5,shallowconvnet,KernelSHAP,12.0,3,20.0,0.7142857142857191,0.4583492485140979,0.7142857142857187,0.4583492485140986,-3.798558281386053e-16,2.3507062992909716e-14,35
,MI,2.5-5,shallowconvnet,KernelSHAP,12.0,3,30.0,0.7142857142857191,0.4583492485140979,0.7142857142857187,0.4583492485140986,-3.798558281386053e-16,2.3507062992909716e-14,35
,MI,2.5-5,shallowconvnet,KernelSHAP,12.0,3,50.0,0.7142857142857191,0.4583492485140979,0.7142857142857187,0.4583492485140986,-3.798558281386053e-16,2.3507062992909716e-14,35
,MI,2.5-5,shallowconvnet,KernelSHAP,12.0,3,70.0,0.7142857142857191,0.4583492485140979,0.7142857142857187,0.4583492485140986,-3.798558281386053e-16,2.3507062992909716e-14,35
,MI,2.5-5,shallowconvnet,KernelSHAP,12.0,3,90.0,0.7142857142857191,0.4583492485140979,0.7142857142857187,0.4583492485140986,-3.798558281386053e-16,2.3507062992909716e-14,35
,MI,2.5-5,shallowconvnet,KernelSHAP,12.0,3,100.0,0.7142857142857143,0.4583492485141057,0.7142857142857143,0.4583492485141057,0.0,0.0,35
,MI,2.5-5,shallowconvnet,KernelSHAP,43.0,1,0.0,0.9953305140137673,0.00857209449847356,0.9953305140137673,0.00857209449847356,0.0,0.0,40
,MI,2.5-5,shallowconvnet,KernelSHAP,43.0,1,1.0,0.5007146494110202,0.5044055942004874,0.5004158230665781,0.5048175539314955,-0.00029882634444220455,0.003150331984315029,40
,MI,2.5-5,shallowconvnet,KernelSHAP,43.0,1,2.0,0.5007146494110202,0.5044055942004874,0.5004158230665781,0.5048175539314955,-0.00029882634444220455,0.003150331984315029,40
,MI,2.5-5,shallowconvnet,KernelSHAP,43.0,1,5.0,0.5007146494110202,0.5044055942004874,0.5004158230665781,0.5048175539314955,-0.00029882634444220455,0.003150331984315029,40
,MI,2.5-5,shallowconvnet,KernelSHAP,43.0,1,10.0,0.5007146494110202,0.5044055942004874,0.5004158230665781,0.5048175539314955,-0.00029882634444220455,0.003150331984315029,40
,MI,2.5-5,shallowconvnet,KernelSHAP,43.0,1,20.0,0.5007146494110202,0.5044055942004874,0.5004158230665781,0.5048175539314955,-0.00029882634444220455,0.003150331984315029,40
,MI,2.5-5,shallowconvnet,KernelSHAP,43.0,1,30.0,0.5007146494110202,0.5044055942004874,0.5004158230665781,0.5048175539314955,-0.00029882634444220455,0.003150331984315029,40
,MI,2.5-5,shallowconvnet,KernelSHAP,43.0,1,50.0,0.5007146494110202,0.5044055942004874,0.5004158230665781,0.5048175539314955,-0.00029882634444220455,0.003150331984315029,40
,MI,2.5-5,shallowconvnet,KernelSHAP,43.0,1,70.0,0.5007146494110202,0.5044055942004874,0.5004158230665781,0.5048175539314955,-0.00029882634444220455,0.003150331984315029,40
,MI,2.5-5,shallowconvnet,KernelSHAP,43.0,1,90.0,0.5007146494110202,0.5044055942004874,0.5004158230665781,0.5048175539314955,-0.00029882634444220455,0.003150331984315029,40
,MI,2.5-5,shallowconvnet,KernelSHAP,43.0,1,100.0,0.4999999867686711,0.5063566583241523,0.4999999867686711,0.5063566583241523,0.0,0.0,40
,MI,2.5-5,shallowconvnet,LIME,12.0,3,0.0,0.9069448573248727,0.13390001323441755,0.9069448573248727,0.13390001323441755,0.0,0.0,35
,MI,2.5-5,shallowconvnet,LIME,12.0,3,1.0,0.7142857146853561,0.45834924787299125,0.7159210418454726,0.45582044225350443,0.0016353271601164112,0.00965067014681055,35
,MI,2.5-5,shallowconvnet,LIME,12.0,3,2.0,0.7142857146853561,0.45834924787299125,0.7159210418454726,0.45582044225350443,0.0016353271601164112,0.00965067014681055,35
,MI,2.5-5,shallowconvnet,LIME,12.0,3,5.0,0.7142857146853561,0.45834924787299125,0.7159210418454726,0.45582044225350443,0.0016353271601164112,0.00965067014681055,35
,MI,2.5-5,shallowconvnet,LIME,12.0,3,10.0,0.7142857146853561,0.45834924787299125,0.7159210418454726,0.45582044225350443,0.0016353271601164112,0.00965067014681055,35
,MI,2.5-5,shallowconvnet,LIME,12.0,3,20.0,0.7142857146853561,0.45834924787299125,0.7159210418454726,0.45582044225350443,0.0016353271601164112,0.00965067014681055,35
,MI,2.5-5,shallowconvnet,LIME,12.0,3,30.0,0.7142857146853561,0.45834924787299125,0.7159210418454726,0.45582044225350443,0.0016353271601164112,0.00965067014681055,35
,MI,2.5-5,shallowconvnet,LIME,12.0,3,50.0,0.7142857146853561,0.45834924787299125,0.7159210418454726,0.45582044225350443,0.0016353271601164112,0.00965067014681055,35
,MI,2.5-5,shallowconvnet,LIME,12.0,3,70.0,0.7142857146853561,0.45834924787299125,0.7159210418454726,0.45582044225350443,0.0016353271601164112,0.00965067014681055,35
,MI,2.5-5,shallowconvnet,LIME,12.0,3,90.0,0.7142857146853561,0.45834924787299125,0.7159210418454726,0.45582044225350443,0.0016353271601164112,0.00965067014681055,35
,MI,2.5-5,shallowconvnet,LIME,12.0,3,100.0,0.7142857142857143,0.4583492485141057,0.7142857142857143,0.4583492485141057,0.0,0.0,35
,MI,2.5-5,shallowconvnet,LIME,43.0,1,0.0,0.9953305140137673,0.00857209449847356,0.9953305140137673,0.00857209449847356,0.0,0.0,40
,MI,2.5-5,shallowconvnet,LIME,43.0,1,1.0,0.515586262580473,0.48512087083357763,0.5288581698176131,0.47441448233519845,0.013271907237140113,0.08560958516753116,40
,MI,2.5-5,shallowconvnet,LIME,43.0,1,2.0,0.515586262580473,0.48512087083357763,0.5288581698176131,0.47441448233519845,0.013271907237140113,0.08560958516753116,40
,MI,2.5-5,shallowconvnet,LIME,43.0,1,5.0,0.515586262580473,0.48512087083357763,0.5288581698176131,0.47441448233519845,0.013271907237140113,0.08560958516753116,40
,MI,2.5-5,shallowconvnet,LIME,43.0,1,10.0,0.515586262580473,0.48512087083357763,0.5288581698176131,0.47441448233519845,0.013271907237140113,0.08560958516753116,40
,MI,2.5-5,shallowconvnet,LIME,43.0,1,20.0,0.515586262580473,0.48512087083357763,0.5288581698176131,0.47441448233519845,0.013271907237140113,0.08560958516753116,40
,MI,2.5-5,shallowconvnet,LIME,43.0,1,30.0,0.515586262580473,0.48512087083357763,0.5288581698176131,0.47441448233519845,0.013271907237140113,0.08560958516753116,40
,MI,2.5-5,shallowconvnet,LIME,43.0,1,50.0,0.515586262580473,0.48512087083357763,0.5288581698176131,0.47441448233519845,0.013271907237140113,0.08560958516753116,40
,MI,2.5-5,shallowconvnet,LIME,43.0,1,70.0,0.515586262580473,0.48512087083357763,0.5288581698176131,0.47441448233519845,0.013271907237140113,0.08560958516753116,40
,MI,2.5-5,shallowconvnet,LIME,43.0,1,90.0,0.515586262580473,0.48512087083357763,0.5288581698176131,0.47441448233519845,0.013271907237140113,0.08560958516753116,40
,MI,2.5-5,shallowconvnet,LIME,43.0,1,100.0,0.4999999867686711,0.5063566583241523,0.4999999867686711,0.5063566583241523,0.0,0.0,40
,MI,2.5-5,shallowconvnet,Occlusion,12.0,3,0.0,0.9069448573248727,0.13390001323441755,0.9069448573248727,0.13390001323441755,0.0,0.0,35
,MI,2.5-5,shallowconvnet,Occlusion,12.0,3,1.0,0.8720900629247937,0.17880594482394296,0.9375891634396144,0.0995314800719149,0.06549910051482065,0.0818087224222359,35
,MI,2.5-5,shallowconvnet,Occlusion,12.0,3,2.0,0.8396848482745034,0.21328461011856784,0.9541797569819859,0.07897772761314166,0.11449490870748247,0.13870224120445718,35
,MI,2.5-5,shallowconvnet,Occlusion,12.0,3,5.0,0.7355491531746728,0.30069488808503575,0.982249368940081,0.03591735249690451,0.2467002157654081,0.2721029580614513,35
,MI,2.5-5,shallowconvnet,Occlusion,12.0,3,10.0,0.5512497642875782,0.3362788298419471,0.9955728462764195,0.012188257781793868,0.4443230819888413,0.3302070073837014,35
,MI,2.5-5,shallowconvnet,Occlusion,12.0,3,20.0,0.2550387303515111,0.32820001796445486,0.9996295707566397,0.001196177226796714,0.7445908404051287,0.32792500671066643,35
,MI,2.5-5,shallowconvnet,Occlusion,12.0,3,30.0,0.15302903991499592,0.2694352785152665,0.9999380401202611,0.00021139826195189576,0.8469090002052652,0.2693995387410859,35
,MI,2.5-5,shallowconvnet,Occlusion,12.0,3,50.0,0.03934435506596194,0.08592968346315988,0.9999957425253732,1.3654463876031423e-05,0.9606513874594113,0.08592767802168716,35
,MI,2.5-5,shallowconvnet,Occlusion,12.0,3,70.0,0.005824657638703518,0.01789608693274012,0.9999997649874006,1.167465721909734e-06,0.9941751073486972,0.01789600823118421,35
,MI,2.5-5,shallowconvnet,Occlusion,12.0,3,90.0,0.392713611918901,0.4207574482273442,0.9940963813236782,0.028631874514213094,0.6013827694047772,0.41603289933728366,35
,MI,2.5-5,shallowconvnet,Occlusion,12.0,3,100.0,0.7142857142857143,0.4583492485141057,0.7142857142857143,0.4583492485141057,0.0,0.0,35
,MI,2.5-5,shallowconvnet,Occlusion,43.0,1,0.0,0.9953305140137673,0.00857209449847356,0.9953305140137673,0.00857209449847356,0.0,0.0,40
,MI,2.5-5,shallowconvnet,Occlusion,43.0,1,1.0,0.9568958014249802,0.061721451739157905,0.9978797495365143,0.0042806532657332615,0.04098394811153412,0.058155813828087995,40
,MI,2.5-5,shallowconvnet,Occlusion,43.0,1,2.0,0.892038244009018,0.1313607627441311,0.9985104039311409,0.0025321930876235537,0.10647215992212296,0.12944287486765238,40
,MI,2.5-5,shallowconvnet,Occlusion,43.0,1,5.0,0.6332167949527502,0.309669061800962,0.9976380124688149,0.009565187739677291,0.36442121751606465,0.3071458815464778,40
,MI,2.5-5,shallowconvnet,Occlusion,43.0,1,10.0,0.4368382314685732,0.36434862566906673,0.9936999633908272,0.034463233091115306,0.556861731922254,0.3592426819347524,40
,MI,2.5-5,shallowconvnet,Occlusion,43.0,1,20.0,0.3450712035293691,0.3408174902770334,0.9942635625600815,0.027798574255001103,0.6491923590307124,0.3371364678244674,40
,MI,2.5-5,shallowconvnet,Occlusion,43.0,1,30.0,0.3018394194543362,0.3226655329432815,0.9954618379473686,0.010817889809155401,0.6936224184930324,0.3199717088045003,40
,MI,2.5-5,shallowconvnet,Occlusion,43.0,1,50.0,0.28046385146153624,0.2627004099398559,0.9907971560955048,0.01518652221118156,0.7103333046339685,0.2556397614620457,40
,MI,2.5-5,shallowconvnet,Occlusion,43.0,1,70.0,0.28408593871427,0.30802766592957936,0.9712282255291939,0.04479134880308205,0.6871422868149238,0.30588662959564134,40
,MI,2.5-5,shallowconvnet,Occlusion,43.0,1,90.0,0.34170783794388926,0.37552229538306403,0.6995861025352497,0.40176736430561016,0.3578782645913604,0.4759257862604281,40
,MI,2.5-5,shallowconvnet,Occlusion,43.0,1,100.0,0.4999999867686711,0.5063566583241523,0.4999999867686711,0.5063566583241523,0.0,0.0,40
,MI,2.5-5,shallowconvnet,STF-KernelSHAP,12.0,3,0.0,0.9069448573248727,0.13390001323441755,0.9069448573248727,0.13390001323441755,0.0,0.0,35
,MI,2.5-5,shallowconvnet,STF-KernelSHAP,12.0,3,1.0,0.8943984661783491,0.1542434562040958,0.9158284987722124,0.1264819996391616,0.021430032593863352,0.039224770388492966,35
,MI,2.5-5,shallowconvnet,STF-KernelSHAP,12.0,3,2.0,0.889073440858296,0.16624764832915206,0.921174921308245,0.1208064070835626,0.03210148044994899,0.06096067442865456,35
,MI,2.5-5,shallowconvnet,STF-KernelSHAP,12.0,3,5.0,0.872260268671172,0.21252319342435907,0.9365966064589364,0.11773043001336957,0.06433633778776442,0.11377060311419171,35
,MI,2.5-5,shallowconvnet,STF-KernelSHAP,12.0,3,10.0,0.8605349306549345,0.25598291619285507,0.9485955383096423,0.11927601007269127,0.08806060765470777,0.16664132681172145,35
,MI,2.5-5,shallowconvnet,STF-KernelSHAP,12.0,3,20.0,0.8423160422992494,0.3029110283537545,0.9457381887095315,0.15308039645923538,0.10342214641028218,0.2149814755753496,35
,MI,2.5-5,shallowconvnet,STF-KernelSHAP,12.0,3,30.0,0.8390106469326254,0.32843028542955,0.8659613350273243,0.28794211022678917,0.026950688094698957,0.28812370200326975,35
,MI,2.5-5,shallowconvnet,STF-KernelSHAP,12.0,3,50.0,0.717472208270624,0.45157128545491776,0.8400594111132834,0.3230878157877342,0.12258720284265955,0.28314954917984414,35
,MI,2.5-5,shallowconvnet,STF-KernelSHAP,12.0,3,70.0,0.7180541858286136,0.4518369501579499,0.8187980854484652,0.33936554694828885,0.10074389961985161,0.2446642837635241,35
,MI,2.5-5,shallowconvnet,STF-KernelSHAP,12.0,3,90.0,0.7142836622876884,0.45834512834297536,0.717897752416489,0.45292553959203247,0.003614090128800607,0.019218118328514302,35
,MI,2.5-5,shallowconvnet,STF-KernelSHAP,12.0,3,100.0,0.7142857142857153,0.45834924851410397,0.7142857142857153,0.45834924851410397,0.0,0.0,35
,MI,2.5-5,shallowconvnet,STF-KernelSHAP,43.0,1,0.0,0.9953305140137673,0.00857209449847356,0.9953305140137673,0.00857209449847356,0.0,0.0,40
,MI,2.5-5,shallowconvnet,STF-KernelSHAP,43.0,1,1.0,0.9847473084926606,0.03456823108037711,0.9948174521327019,0.008886678372920159,0.010070143640041352,0.030126592674315732,40
,MI,2.5-5,shallowconvnet,STF-KernelSHAP,43.0,1,2.0,0.9740769430994988,0.06567404342014273,0.9944027036428451,0.011135768461523105,0.020325760543346404,0.05891694619269262,40
,MI,2.5-5,shallowconvnet,STF-KernelSHAP,43.0,1,5.0,0.9337341524660587,0.11614549508833771,0.9888499319553375,0.027135430459766,0.055115779489278795,0.10053762379928974,40
,MI,2.5-5,shallowconvnet,STF-KernelSHAP,43.0,1,10.0,0.8607741624116898,0.17623407712881228,0.9889688894152642,0.016678907106836897,0.12819472700357437,0.17121413163085566,40
,MI,2.5-5,shallowconvnet,STF-KernelSHAP,43.0,1,20.0,0.6564275650307536,0.31155963256739,0.9591831728816033,0.09931593734783181,0.30275560785084965,0.3339635283446558,40
,MI,2.5-5,shallowconvnet,STF-KernelSHAP,43.0,1,30.0,0.5346734030099469,0.3870505572293422,0.901035389304161,0.20237579638736364,0.3663619862942141,0.3902885513341725,40
,MI,2.5-5,shallowconvnet,STF-KernelSHAP,43.0,1,50.0,0.38348706630677043,0.378884360783861,0.9376683361828327,0.1668660623948665,0.5541812698760623,0.3752821718650145,40
,MI,2.5-5,shallowconvnet,STF-KernelSHAP,43.0,1,70.0,0.3887485264370298,0.3625269463659112,0.9476574271917343,0.14885502095562964,0.5589089007547046,0.3601247425808866,40
,MI,2.5-5,shallowconvnet,STF-KernelSHAP,43.0,1,90.0,0.2243966293437552,0.30534515846333626,0.9593936843797565,0.15429672801756592,0.7349970550360012,0.31916607372222827,40
,MI,2.5-5,shallowconvnet,STF-KernelSHAP,43.0,1,100.0,0.5160469343536533,0.4881592452438936,0.5160469343536533,0.4881592452438936,0.0,0.0,40
